-- MySQL dump 10.13  Distrib 8.0.42, for macos15.2 (arm64)
--
-- Host: localhost    Database: demo
-- ------------------------------------------------------
-- Server version	8.0.42

/*!40101 SET @OLD_CHARACTER_SET_CLIENT=@@CHARACTER_SET_CLIENT */;
/*!40101 SET @OLD_CHARACTER_SET_RESULTS=@@CHARACTER_SET_RESULTS */;
/*!40101 SET @OLD_COLLATION_CONNECTION=@@COLLATION_CONNECTION */;
/*!50503 SET NAMES utf8mb4 */;
/*!40103 SET @OLD_TIME_ZONE=@@TIME_ZONE */;
/*!40103 SET TIME_ZONE='+00:00' */;
/*!40014 SET @OLD_UNIQUE_CHECKS=@@UNIQUE_CHECKS, UNIQUE_CHECKS=0 */;
/*!40014 SET @OLD_FOREIGN_KEY_CHECKS=@@FOREIGN_KEY_CHECKS, FOREIGN_KEY_CHECKS=0 */;
/*!40101 SET @OLD_SQL_MODE=@@SQL_MODE, SQL_MODE='NO_AUTO_VALUE_ON_ZERO' */;
/*!40111 SET @OLD_SQL_NOTES=@@SQL_NOTES, SQL_NOTES=0 */;

--
-- Table structure for table `Cart`
--

DROP TABLE IF EXISTS `Cart`;
/*!40101 SET @saved_cs_client     = @@character_set_client */;
/*!50503 SET character_set_client = utf8mb4 */;
CREATE TABLE `Cart` (
  `id` bigint NOT NULL AUTO_INCREMENT,
  `pid` bigint NOT NULL,
  `email` varchar(255) NOT NULL,
  `quantity` int DEFAULT NULL,
  `totalPrice` int DEFAULT NULL,
  PRIMARY KEY (`id`),
  KEY `FKc6jxria5ahpqh0g7n6yrxnqqy` (`pid`),
  KEY `FK4tlqx5k1efflajyoi8jxt4rcj` (`email`),
  CONSTRAINT `FK4tlqx5k1efflajyoi8jxt4rcj` FOREIGN KEY (`email`) REFERENCES `users` (`email`),
  CONSTRAINT `FKc6jxria5ahpqh0g7n6yrxnqqy` FOREIGN KEY (`pid`) REFERENCES `product` (`pid`)
) ENGINE=InnoDB AUTO_INCREMENT=59 DEFAULT CHARSET=utf8mb4 COLLATE=utf8mb4_0900_ai_ci;
/*!40101 SET character_set_client = @saved_cs_client */;

--
-- Dumping data for table `Cart`
--

LOCK TABLES `Cart` WRITE;
/*!40000 ALTER TABLE `Cart` DISABLE KEYS */;
INSERT INTO `Cart` VALUES (6,476,'limjh7818@m365.dongyang.ac.kr',1,16000),(53,2,'jh7818@naver.com',1,19000);
/*!40000 ALTER TABLE `Cart` ENABLE KEYS */;
UNLOCK TABLES;

--
-- Table structure for table `order_details`
--

DROP TABLE IF EXISTS `order_details`;
/*!40101 SET @saved_cs_client     = @@character_set_client */;
/*!50503 SET character_set_client = utf8mb4 */;
CREATE TABLE `order_details` (
  `id` bigint NOT NULL AUTO_INCREMENT,
  `priceAtOrder` int NOT NULL,
  `quantity` int NOT NULL,
  `order_id` bigint NOT NULL,
  `product_pid` bigint NOT NULL,
  PRIMARY KEY (`id`),
  KEY `FKjyu2qbqt8gnvno9oe9j2s2ldk` (`order_id`),
  KEY `FKnke45esdppjcq6w0yx0idr2n0` (`product_pid`),
  CONSTRAINT `FKjyu2qbqt8gnvno9oe9j2s2ldk` FOREIGN KEY (`order_id`) REFERENCES `orders` (`id`),
  CONSTRAINT `FKnke45esdppjcq6w0yx0idr2n0` FOREIGN KEY (`product_pid`) REFERENCES `product` (`pid`)
) ENGINE=InnoDB AUTO_INCREMENT=15 DEFAULT CHARSET=utf8mb4 COLLATE=utf8mb4_0900_ai_ci;
/*!40101 SET character_set_client = @saved_cs_client */;

--
-- Dumping data for table `order_details`
--

LOCK TABLES `order_details` WRITE;
/*!40000 ALTER TABLE `order_details` DISABLE KEYS */;
INSERT INTO `order_details` VALUES (8,19000,1,5,3),(9,14800,1,5,316),(10,16000,1,5,1),(11,16500,1,6,11),(12,16000,4,6,12),(13,29000,3,6,223),(14,21000,1,6,227);
/*!40000 ALTER TABLE `order_details` ENABLE KEYS */;
UNLOCK TABLES;

--
-- Table structure for table `orders`
--

DROP TABLE IF EXISTS `orders`;
/*!40101 SET @saved_cs_client     = @@character_set_client */;
/*!50503 SET character_set_client = utf8mb4 */;
CREATE TABLE `orders` (
  `id` bigint NOT NULL AUTO_INCREMENT,
  `currencyCode` varchar(3) NOT NULL,
  `orderDate` datetime(6) DEFAULT NULL,
  `user_email` varchar(255) NOT NULL,
  PRIMARY KEY (`id`),
  KEY `FKmxobdyrbi5tlk6ajxlnb8iopp` (`user_email`),
  CONSTRAINT `FKmxobdyrbi5tlk6ajxlnb8iopp` FOREIGN KEY (`user_email`) REFERENCES `users` (`email`)
) ENGINE=InnoDB AUTO_INCREMENT=7 DEFAULT CHARSET=utf8mb4 COLLATE=utf8mb4_0900_ai_ci;
/*!40101 SET character_set_client = @saved_cs_client */;

--
-- Dumping data for table `orders`
--

LOCK TABLES `orders` WRITE;
/*!40000 ALTER TABLE `orders` DISABLE KEYS */;
INSERT INTO `orders` VALUES (5,'KRW','2025-05-26 11:31:55.156629','dlawngus7818@gmail.com'),(6,'KRW','2025-05-26 11:32:22.860942','dlawngus7818@gmail.com');
/*!40000 ALTER TABLE `orders` ENABLE KEYS */;
UNLOCK TABLES;

--
-- Table structure for table `product`
--

DROP TABLE IF EXISTS `product`;
/*!40101 SET @saved_cs_client     = @@character_set_client */;
/*!50503 SET character_set_client = utf8mb4 */;
CREATE TABLE `product` (
  `pid` bigint NOT NULL AUTO_INCREMENT,
  `author` varchar(255) DEFAULT NULL,
  `brand` varchar(255) DEFAULT NULL,
  `pname` varchar(255) DEFAULT NULL,
  `price` int DEFAULT NULL,
  `category1` varchar(255) DEFAULT NULL,
  `category2` varchar(255) DEFAULT NULL,
  PRIMARY KEY (`pid`)
) ENGINE=InnoDB AUTO_INCREMENT=477 DEFAULT CHARSET=utf8mb4 COLLATE=utf8mb4_0900_ai_ci;
/*!40101 SET character_set_client = @saved_cs_client */;

--
-- Dumping data for table `product`
--

LOCK TABLES `product` WRITE;
/*!40000 ALTER TABLE `product` DISABLE KEYS */;
INSERT INTO `product` VALUES (1,'홋타 슈고 글/이정아 옮김','고래이야기','따돌림으로부터 내 아이를 지키는 방법',16000,'교육일반','부모/교사용'),(2,'그림책 아틀리에 36.5 지음','교육과실천','교사의 고민에 그림책이 답하다 - 24가지 수업, 생활 교육 고민을 현장 사례로 풀어낸',19000,'독서교육','부모/교사용'),(3,'그림책사랑교사모임 지음','교육과실천','초등 그림책 학급운영 - 새 학기, 새 학급을 위한 행복한 한해살이 프로젝트',19000,'독서교육','부모/교사용'),(4,'이윤정 지음','그래도봄','우리 가족을 위한 비폭력대화 수업 - 아이는 사춘기, 부모는 성장기 ',19000,'교육일반','부모/교사용'),(5,'배정한 지음','김영사','공원의 위로',17800,'교양','부모/교사용'),(6,'전소영 지음','달그림','그리는 마음 - 그림 그리는 이의 시선으로 기록한 날들',16800,'교양','부모/교사용'),(7,'조철기 지음','따비','기호와 탐닉의 음식으로 본 지리 - 축복받은 자연은 어떻게 저주의 역사가 되었는가 ',25000,'교양','부모/교사용'),(8,'임연화 지음','레드우드','임연화의 학부모 7교시 - 나의 수식어는 고학년 전담 교사입니다',17000,'교육일반','부모/교사용'),(9,'이동연, 유사원 지음','마리북스','예술마을의 탄생 - 일상과 예술이 하나 [우리말글문화 총서 5]',18000,'교양','부모/교사용'),(10,'서현정 지음','마리북스','외래어 대신 쉬운 우리말로!',17000,'독서교육','부모/교사용'),(11,'박민영, 손요한, 한은혜, 박상민 지음','베르단디','아이들 나라의 어른들 세계 - 돌봄과 교육 사이',16500,'교육일반','부모/교사용'),(12,'윤태규 글','보리','똥교장 선생의 초등 교육 이야기 - 학생, 교사, 부모가 소통하는 학교 만들기 [살아있는 교육 44]',16000,'교육일반','부모/교사용'),(13,'류영선 지음','보림','그림책 보는 기쁨',24000,'독서교육','부모/교사용'),(14,'조선미 지음','북하우스','조선미의 현실 육아 상담소',17500,'교육일반','부모/교사용'),(15,'여희숙 지음','사우','밑줄 독서 모임 - 세상에서 가장 쉽고 재미있게 책 읽는 법',16800,'독서교육','부모/교사용'),(16,'박경만 지음','사월의책','두루미의 땅, DMZ를 걷다 - 백령도에서 화진포까지 500km의 이야기 [뉴스통신진흥총서 37]',27000,'교양','부모/교사용'),(17,'강지현, 도례미, 어유경 지음','사회평론아카데미','임상심리학자 엄마들의 아이 문제 상담소 - 우리 아이 문제 행동, 어떻게 도와줄까? ',18000,'교육일반','부모/교사용'),(18,'이상희, 최현미, 한미화, 김지은 지음/김경태 사진','새의노래','이토록 다정한 그림책 - 나에게 친절하고 싶은 당신에게',27500,'독서교육','부모/교사용'),(19,'임후남 지음','생각을담는집','내 꿈은 신간 읽는 책방 할머니',14800,'교양','부모/교사용'),(20,'최은경 지음','서유재','이게 뭐라고 이렇게 재밌지? - 열두 살 열두 달 학교 이야기 [함께교육 7]',16000,'교육일반','부모/교사용'),(21,'김성원 지음','소동','학교의 발견, 교실의 발명 - 학습 공간 모델과 학교 유형',25000,'교육일반','부모/교사용'),(22,'마이클 섀퍼, 루스 제퍼슨 지음/김아영 옮김','시프','남자 아이 독서 전략 - 학생들의 독서 습관을 만든 교사들의 성공적인 이야기',16000,'독서교육','부모/교사용'),(23,'이영민 지음','아날로그(글담)','지리학자의 열대 인문여행 - 야만과 지상낙원이라는 편견에 갇힌 열대의 진짜 모습을 만나다 ',18800,'교양','부모/교사용'),(24,'구본권 지음','어크로스','메타인지의 힘 - 인공지능 시대, 대체 불가능한 존재가 되는 법',18000,'교양','부모/교사용'),(25,'유현미 지음','오후의소묘','발은 땅을 디디고 손은 흙을 어루만지며 - 도시텃밭 그림일지',19500,'교양','부모/교사용'),(26,'이보경 지음','우리교육','함께 책을 읽으며 친구 마음에 공감하는 자존감 수업 - 3학년 자존감 [초등 학년별 인성교육]',16000,'독서교육','부모/교사용'),(27,'김현수 지음','우리학교','괴물 부모의 탄생 - 공동체를 해치는 독이 든 사랑',16800,'교육일반','부모/교사용'),(28,'천경호 지음','우리학교','천경호 선생님의 보통의 교실, 단단한 학급경영 [함께 걷는 교육]',16000,'교육일반','부모/교사용'),(29,'자미라 엘 우아실, 프리데만 카릭 지음/김현정 옮김','원더박스','세상은 이야기로 만들어졌다 - 신화·거짓말·유토피아',27000,'교양','부모/교사용'),(30,'박애란, 김효진, 김나윤, 이미경 글','이루리북스','그림책, 맘 통하다 ',22000,'독서교육','부모/교사용'),(31,'임미현 글∙그림','이야기꽃','초일이 - 1학년 담임선생님이 들려주는 학교생활 이야기 ',17500,'교육일반','부모/교사용'),(32,'도광환 지음','자연경실','미술-보자기',22000,'교양','부모/교사용'),(33,'류성창 지음/이재연 감수','지노','교사를 위한 마음공부 - 현직 교사가 전하는 행복한 교직생활을 위한 20가지 심리 법칙 [TCA 열린학교 시리즈]',17000,'교육일반','부모/교사용'),(34,'한국아동청소년문학학회 지음','창비','100개의 키워드로 읽는 한국 아동청소년문학 ',33000,'독서교육','부모/교사용'),(35,'박미숙 지음','책이라는신화','그림책은 힘이 세다 - 도서관에서 찾은 47가지 그림책 질문',17000,'독서교육','부모/교사용'),(36,'배성호, 김신범, 박수미, 정석, 현재순, 임상혁 글','철수와영희','어린이의 눈으로 안전을 묻다 -  재난의 시대에 세상을 향한 물음',15000,'교육일반','부모/교사용'),(37,'박종훈 지음','파지트','잘 먹고, 잘 자고, 잘 놀면 돼! - 우리 아이에게 100년 사는 몸을 물려주는 건강한 가족 습관',17000,'교육일반','부모/교사용'),(38,'안선화 지음','학교도서관저널','버려진 그림책으로 팝업북을 만듭니다',17000,'독서교육','부모/교사용'),(39,'박미정 지음','학교도서관저널','우리는 책 모임 하러 학교에 갑니다 - 책 싫어하는 아이도 빠져드는 책 모임 이야기',18000,'독서교육','부모/교사용'),(40,'김지호 지음','한겨레출판','언어가 숨어 있는 세계 - 언어치료사가 쓴 말하기와 마음 쌓기의 기록',16000,'교육일반','부모/교사용'),(41,'채봉윤(봉봉샘) 지음','한솔수북','뭔가 특별한 봉봉샘의 교실 책방',16800,'독서교육','부모/교사용'),(42,'김인혜 지음','해냄출판사','살롱 드 경성 - 한국 근대사를 수놓은 천재 화가들',21000,'교양','부모/교사용'),(43,'최상길 지음','행복한미래','교사의 사계 - 행복한 교육을 만드는 교사의 마음 산책 & 힐링 에세이 [행복한 문학 1]',14800,'교육일반','부모/교사용'),(44,'권진희, 이정관 지음','휴머니스트','시에서 삶을 읽다 - 두 교사가 나누는 삶과 시 이야기 ',12000,'교양','부모/교사용'),(45,'김정은, 유형선 지음','휴머니스트','오늘, 가족 독서를 시작합니다 - 13년 차 ‘읽는 가족’이 권하는 지속가능한 독서 로드맵',15000,'독서교육','부모/교사용'),(46,'강인욱 지음','흐름출판','세상 모든 것의 기원 - 어디에도 없는 고고학 이야기',20000,'교양','부모/교사용'),(47,'막스 뒤코스 글∙그림/이세진 옮김','국민서관','제자리를 찾습니다 [국민서관 그림동화 270]',14000,'어른그림책','부모/교사용'),(48,'고정순 글∙그림','길벗어린이','옥춘당(그림책) [고정순 그림책방 1]',20000,'어른그림책','부모/교사용'),(49,'안드레아 파로토 글/루시아 데 마르코 그림/엄혜숙 옮김','나무말미','어떤 날은… [나무자람새 그림책 18]',14000,'어른그림책','부모/교사용'),(50,'이상은 글/오승민 그림','나무의말','삶은 여행 [나무의말 그림책 7]',18000,'어른그림책','부모/교사용'),(51,'장선우 글/장서윤 그림','달그림','경계선',16000,'어른그림책','부모/교사용'),(52,'아드리앵 파를랑주 지음/이경혜 옮김','봄볕','봄은 또 오고 [온그림책 16]',24000,'어른그림책','부모/교사용'),(53,'올가 토카르추크 글/요안나 콘세이요 그림/이지원 옮김','사계절','잃어버린 얼굴 [Dear 그림책]',18000,'어른그림책','부모/교사용'),(54,'장준영 글∙그림','어린이작가정신','봉숭아 할매 [도란도란 우리 그림책]',13000,'어른그림책','부모/교사용'),(55,'계남 글∙그림','요요','라마 씨, 퇴사하고 뭐 하게? [당신을 위한 그림책, You]',18000,'어른그림책','부모/교사용'),(56,'나딘 로베르 글/제라르 뒤부아 그림/최혜진 옮김','웅진주니어','우리가 탑 위에서 본 것은 [웅진 세계그림책 234]',18000,'어른그림책','부모/교사용'),(57,'나탈리 비스 글/쥘리에트 라그랑주 그림/김윤진 옮김','책읽는곰','한 외로움이 다른 외로움에게 [보통날의 그림책 5]',15000,'어른그림책','부모/교사용'),(58,'이세 히데코 글∙그림/황진희 옮김','천개의바람','그린다는 것 [바람그림책 138]',17000,'어른그림책','부모/교사용'),(59,'캐서린 애플게이트 글/찰스 산토소 그림/서현정 옮김','가람어린이','괴물을 사랑한 아이 윌로딘 [책꿈 7]',16500,'어린이용(문학)','어린이용(5-6학년)'),(60,'신소담 글·그림','가문비어린이','주황 조끼 [즐거운 그림책 여행 20]',13000,'어린이용(문학)','어린이용(1-2학년)'),(61,'멜리사 다소리 글/첼렌 에시하 그림/정다은 옮김','개암나무','쓰는 대로 이루어지다! [문학의 즐거움 67]',15800,'어린이용(문학)','어린이용(5-6학년)'),(62,'오승현 글/박우희 그림','개암나무','인공 지능 판사는 공정할까? - 사회 문제 윤리적으로 바라보기',16800,'어린이용(인문/사회/말과글)','어린이용(5-6학년)'),(63,'혼다 아리아케 글/유코 그림/모카 옮김','개암나무','차별을 이겨 낸 교실 [문학의 즐거움 68]',13500,'어린이용(문학)','어린이용(5-6학년)'),(64,'조은진 글/이지오 그림','개암나무','하찌와 마지막 3일 [읽기의 즐거움 41]',12500,'어린이용(문학)','어린이용(3-4학년)'),(65,'테리아에바 소피아 글·그림','계수나무 ','꼴랴와 별별 직업 [책가방 속 그림책]',14000,'어린이용(문학)','어린이용(1-2학년)'),(66,'신배화 글/고은지 그림','계수나무 ','매직 닥터와 신비한 마스크 [책꾸러기 21]',13000,'어린이용(문학)','어린이용(3-4학년)'),(67,'이윤주 글/오윤화 그림','고래가숨쉬는도서관','영원책방의 시간 딜러 [상상 고래 20]',13000,'어린이용(문학)','어린이용(5-6학년)'),(68,'이영아 글/이현민 그림','고래뱃속','그 형 [고래뱃속 창작동화 11]',12000,'어린이용(문학)','어린이용(5-6학년)'),(69,'최미정 글/볕든 그림','고래책빵','꼴찌 아파트 [고래책빵 고학년 문고 2]',13000,'어린이용(문학)','어린이용(5-6학년)'),(70,'니콜라우스 하이델바흐 글·그림/이명아 옮김','곰곰','마리나 [곰곰 그림책]',15000,'어린이용(문학)','어린이용(1-2학년)'),(71,'윤미경 글/할미잼 그림','국민서관','거절은 너무 어려워! [내친구 작은거인 68]',14000,'어린이용(문학)','어린이용(1-2학년)'),(72,'막스 뒤코스 글·그림/이세진 옮김','국민서관','바다처럼 유유히 [국민서관 그림동화 274]',20000,'어린이용(문학)','어린이용(1-2학년)'),(73,'폴라 화이트 글·그림/정화진 옮김','국민서관','바닷가 마을의 제빵사 [국민서관 그림동화 267]',14000,'어린이용(문학)','어린이용(1-2학년)'),(74,'박수현 글·그림','국민서관','천재 건축가 가우디의 역작, 사그라다 파밀리아 성당 [걸작의 탄생 14]',15000,'어린이용(예술/체육)','어린이용(1-2학년)'),(75,'강정연 글/안은진 그림','그레이트북스','나중에 가족 [술술이 책방 5]',9500,'어린이용(문학)','어린이용(1-2학년)'),(76,'우미옥 글/최도은 그림/구본권 감수','그레이트북스','산타 언니의 디지털 세탁소 [디지털 리터러시 동화 2 : 디지털 발자국]',13000,'어린이용(문학)','어린이용(3-4학년)'),(77,'임정은 지음/홍성지 그림/홍수열 감수','그레이트북스','이토록 불편한 플라스틱 [이토록 불편한 3]',15000,'어린이용(과학/환경/생태)','어린이용(3-4학년)'),(78,'이기범 글/김은주 그림','그린북','(기록의 나라 대한민국의) 유네스코 세계 기록 유산 [한 장 한 장 우리 역사]',17000,'어린이용(역사/인물/지리)','어린이용(3-4학년)'),(79,'우리누리 글/송진욱 그림','길벗스쿨','그래서 이런 말이 생겼대요 : 우리말 - 읽다 보면 문해력이 저절로',13000,'어린이용(인문/사회/말과글)','어린이용(3-4학년)'),(80,'엘렌 오 지음/천미나 옮김','길벗스쿨','김주니를 찾아서',18000,'어린이용(문학)','어린이용(5-6학년)'),(81,'제시카 김 지음/고정아 옮김','길벗스쿨','오늘은 치얼업 내일은 스탠드업',16000,'어린이용(문학)','어린이용(5-6학년)'),(82,'윤강미 글·그림','길벗어린이','미나의 작은 새 : 윤강미 그림책 [인생 그림책 18]',20000,'어린이용(문학)','어린이용(1-2학년)'),(83,'고대영 글/차상미 그림','길벗어린이','알아서 척척! 어린이 생활백과 : 학교 편 [알아서 척척! 어린이 생활백과]',14000,'어린이용(인문/사회/말과글)','어린이용(1-2학년)'),(84,'시릴 디옹 글/세바스티앙 무랭 그림/이선민 옮김','꼬마뭉치','너희도 우리와 같은 동물이야 [꼬마뭉치 환경 그림책 1]',15000,'어린이용(과학/환경/생태)','어린이용(1-2학년)'),(85,'이명희 글/임광희 그림','꼬마이실','출동! 쓰레기 탐정단 - 정크 아트의 비밀을 파헤쳐라',13000,'어린이용(과학/환경/생태)','어린이용(3-4학년)'),(86,'장성자 글/정인성, 천복주 그림','꿈꾸는섬','광복군 장준하를 지켜라! [이야기 도시락 9]',13500,'어린이용(문학)','어린이용(3-4학년)'),(87,'임지형 글/이유나 그림','꿈터','잘못된 게임 [꿈터 어린이 41]',12000,'어린이용(문학)','어린이용(3-4학년)'),(88,'데버라 마르세로 지음/김세실 옮김','나는별','마음을 담은 병 [마음별 그림책 27]',16000,'어린이용(문학)','어린이용(1-2학년)'),(89,'윤주성 글/김이조 그림','나무말미','다짜고짜 배구 [자람새 동화 고학년 2]',14000,'어린이용(문학)','어린이용(5-6학년)'),(90,'셀리아 크람피엔 글·그림/김세실 옮김','나무말미','햇살이 [나무자람새 그림책 16]',15000,'어린이용(문학)','어린이용(1-2학년)'),(91,'맥 바넷 글/숀 해리스 그림/이숙희 옮김','나무의말','처음 우주에 간 고양이, 피자를 맛보다 [우주 고양이 1]',18000,'어린이용(문학)','어린이용(3-4학년)'),(92,'안드레아 커티스 글/ 엠마 피츠제럴드 그림/권혁정 옮김','나무처럼','도시 거리 이야기 [ThinkCities 시리즈 3]',14000,'어린이용(인문/사회/말과글)','어린이용(3-4학년)'),(93,'안드레아 커티스 글/케이티 도크릴 그림/권혁정 옮김','나무처럼','도시 물 이야기 [ThinkCities 시리즈 2]',14000,'어린이용(과학/환경/생태)','어린이용(3-4학년)'),(94,'김경옥 글/주성희 그림','내일을여는책','진짜 뉴스를 찾아라 [내일을여는어린이 33]',13000,'어린이용(문학)','어린이용(5-6학년)'),(95,'신은영 글/홍찬주 그림','내일을여는책','표절이 취미 [내일을여는어린이 35]',13000,'어린이용(문학)','어린이용(3-4학년)'),(96,'톰마소 마이오렐리 글/카를라 마네아 그림/주효숙 옮김','너머학교 ','시간의 지도 - 정말 아름다운 세계사',23500,'어린이용(역사/인물/지리)','어린이용(5-6학년)'),(97,'레나 회베리 글·그림/신동경 옮김','너머학교 ','알이 데굴데굴 그림사전 [너머학교 톡톡 지식그림책 10]',16000,'어린이용(과학/환경/생태)','어린이용(3-4학년)'),(98,'고마야스칸 글·그림/최진선 옮김','너머학교 ','플라잉 메이저호의 세계 일주 하늘 여행 [너머학교 톡톡 지식그림책 8]',15000,'어린이용(역사/인물/지리)','어린이용(3-4학년)'),(99,'로젠 브레카르 글·그림/박재연 옮김','노는날','학교 가는 길 [노는 날 그림책]',20000,'어린이용(문학)','어린이용(1-2학년)'),(100,'안오일 글/이수영 그림','노는날','호야, 아빠를 구합니다! - 고릴라 아저씨는 절대 안 됨! [노리의 쉬는 시간]',13000,'어린이용(문학)','어린이용(1-2학년)'),(101,'공수경 글/지우 그림','노란돼지','거꾸로 상상하면 거꾸로 [노란돼지 창작동화]',12000,'어린이용(문학)','어린이용(1-2학년)'),(102,'유미무라 키키 글/마쓰모토 하루노 그림/황진희 옮김','노란돼지','버스가 왔어요',16000,'어린이용(문학)','어린이용(1-2학년)'),(103,'박선영 글·그림','노란상상','노란 길을 지켜 줘 [노란상상 그림책 103]',15000,'어린이용(문학)','어린이용(1-2학년)'),(104,'소연 글/조아름 엮음','노란상상','느티나무의 기억 [노란상상 그림책 98]',14000,'어린이용(역사/인물/지리)','어린이용(3-4학년)'),(105,'오하나 글·그림','노란상상','달려도 될까? : 오하나 그림책 [노란상상 그림책 97]',14000,'어린이용(문학)','어린이용(1-2학년)'),(106,'김수진 지음','노란상상','비늘과 파편 [노란상상 그림책 101]',16800,'어린이용(과학/환경/생태)','어린이용(1-2학년)'),(107,'조셉 코엘로우 글/앨리슨 콜포이스 그림/김여진 옮김','노란상상','시가 일렁이는 교실 [노란상상 그림책 102]',15000,'어린이용(문학)','어린이용(1-2학년)'),(108,'유현미 지음','논장','아그작아그작 쪽 쪽 쪽 츠빗 츠빗 츠빗 [그림책은 내 친구 69 : 텃밭 시 그림책]',26000,'어린이용(문학)','어린이용(1-2학년)'),(109,'박현주 지음','논장','안녕하세요? 우리 동네 사장님들 [그림책은 내 친구 70]',14000,'어린이용(인문/사회/말과글)','어린이용(1-2학년)'),(110,'유승희 글/윤봉선 그림','논장','우당탕 수달 친구 [동화는 내 친구 96]',13000,'어린이용(문학)','어린이용(3-4학년)'),(111,'디디에 코르니유 지음/최지혜, 권선영 옮김/이선 감수','놀궁리','내일을 위한 정원 산책 - 지속가능한 세상을 만드는 세계 공원과 조경사 이야기 [지식과 놀 궁리 4]',18000,'어린이용(과학/환경/생태)','어린이용(3-4학년)'),(112,'조반나 조볼리 글/마리아키아라 디 조르조 그림/김지우 옮김','놀궁리','레프론 씨의 수프 [함께 놀 궁리 7]',15000,'어린이용(문학)','어린이용(1-2학년)'),(113,'모세영 글/히쩌미 그림','놀궁리','어쩌다 한 팀 [이야기와 놀 궁리 7]',13000,'어린이용(문학)','어린이용(3-4학년)'),(114,'사라 페르난데스 글·그림/소니아 로익 글/최서윤 옮김/정수영 감수','놀이터','숲은 언제나 우리의 친구 [레인보우 시리즈 3]',14500,'어린이용(과학/환경/생태)','어린이용(3-4학년)'),(115,'페르난도 마린, 로레토 우레홀라 글/가브리엘라 리온 그림/이진하 옮김','느림보','역사의 주인공은 바로 나! [초등생을 위한 지식과 생각의 학교 지생학 : 역사]',17000,'어린이용(역사/인물/지리)','어린이용(5-6학년)'),(116,'브라이언 셀즈닉 글·그림/이은정 옮김','니케주니어','빅 트리 - 꿈꾸는 작은 씨앗들의 모험',24000,'어린이용(문학)','어린이용(5-6학년)'),(117,'김리나 글/이정화 그림','다락원','세계로 떠나는 수학 도형 여행',13000,'어린이용(과학/환경/생태)','어린이용(5-6학년)'),(118,'장원호, 김혜린 지음/보라 그림','다락원','초등이와 함께하는 경제 이야기 - 이것만은 꼭! 알아야 할 초등 경제 상식',14000,'어린이용(인문/사회/말과글)','어린이용(5-6학년)'),(119,'황지영 글/정인성, 천복주 그림','다림','뛰어! [상상 도서관]',12500,'어린이용(문학)','어린이용(5-6학년)'),(120,'조희정 글/김지하 그림','다림','슬기로운 소비 생활 [I need 시리즈 32]',12800,'어린이용(인문/사회/말과글)','어린이용(3-4학년)'),(121,'프란 핀타데라 글/라켈 카타리나 그림/김정하 옮김','다봄','마다니만 한 축구 선수는 없어',15000,'어린이용(문학)','어린이용(1-2학년)'),(122,'온잘리 Q. 라우프 글/피파 커닉 그림/정회성 옮김','다봄','얼굴 없는 도둑과 슈퍼히어로 [다봄 어린이 문학 쏙 4]',15800,'어린이용(문학)','어린이용(5-6학년)'),(123,'마그달레나 게레로, 마리아 호세 포블레 지음/알프레도 카세레스 그림/김정하 옮김','다봄','우리는 다르니까 함께해야 해 - 다름을 존중하는 문화 다양성 [행동하는 어린이 시민]',15000,'어린이용(인문/사회/말과글)','어린이용(3-4학년)'),(124,'옥효진 글/나인완 그림','다산어린이','(옥효진 선생님의) 경제 개념 사전 [옥효진 선생님의 개념 사전]',22000,'어린이용(인문/사회/말과글)','어린이용(5-6학년)'),(125,'래리 헤이스 글/케이티 애비 그림/윤영 옮김','다산어린이','부모님이 화성으로 가 버렸을 때 살아남는 법 [살아남는 법 1]',15000,'어린이용(문학)','어린이용(5-6학년)'),(126,'엠마 캐롤 글/로렌 차일드 그림/노지양 옮김','다산어린이','성냥팔이 소녀의 반격 [다산어린이 문학]',15000,'어린이용(문학)','어린이용(5-6학년)'),(127,'켈리 양 지음/이민희 옮김','다산어린이','프런트 데스크 [다산어린이 문학]',16000,'어린이용(문학)','어린이용(5-6학년)'),(128,'김리하 글/시은경 그림','단비어린이','나의 절친 오케이 선생님 [단비어린이 문학]',13000,'어린이용(문학)','어린이용(3-4학년)'),(129,'권지영 글/함주해 그림','단비어린이','노란 나비를 따라 [단비어린이 그림책]',15000,'어린이용(문학)','어린이용(3-4학년)'),(130,'임서경 글/송수정 그림','단비어린이','인도에서 온 마무티 아저씨 [단비어린이 그림책]',15000,'어린이용(문학)','어린이용(1-2학년)'),(131,'마리아 라모스 지음/주하선 옮김','단추','세 개의 빛',22000,'어린이용(문학)','어린이용(1-2학년)'),(132,'박현민 지음','달그림(노란돼지)','빛을 찾아서',21000,'어린이용(예술/체육)','어린이용(1-2학년)'),(133,'유청 글/무르르 그림','달그림(노란돼지)','손톱',16000,'어린이용(문학)','어린이용(1-2학년)'),(134,'이욱재 글·그림','달그림(노란돼지)','찬란한 여행',19000,'어린이용(문학)','어린이용(1-2학년)'),(135,'플로랑스 티나르, 카밀라 레앙드로 글/뱅자맹 플루 그림/이보미 옮김/김태우 감수','더숲','곤충들은 정말 굉장해- 작지만 소중한 곤충들의 흥미진진한 삶과 비밀스러운 이야기 [더숲STEAM 시리즈]',14000,'어린이용(과학/환경/생태)','어린이용(1-2학년)'),(136,'넬슨 로드리게스, 레오나르도 아구스틴 몬테스 글/로사나 파리아, 카를라 타보라 그림/김윤정 옮김','도토리숲 ','무지개 빛깔 월요일 - 온두라스의 이동 도서관 이야기 [도토리숲 그림책 8]',15000,'어린이용(문학)','어린이용(1-2학년)'),(137,'존 조 지음/오승민 그림/김선희 옮김','도토리숲 ','문제아 [도토리숲 문고 9]',14000,'어린이용(문학)','어린이용(5-6학년)'),(138,'송아주 글/허구 그림','도토리숲 ','하늘 세숫대야 타고 조선에 온 외계인 나토두 [도토리숲 문고 7]',12000,'어린이용(문학)','어린이용(3-4학년)'),(139,'레이철 폴리퀸 지음/클레이턴 핸머 그림/조은영 옮김','동녘주니어','이상한 몸 박물관 - 이토록 오싹하고 멋진 우리 몸에 오신 것을 환영합니다 [과학이 동동 그림책]  ',17000,'어린이용(과학/환경/생태)','어린이용(5-6학년)'),(140,'테레사 로버슨 글/레베카 황 그림/강미경 옮김','두레아이들','물리학의 여왕 우젠슝 - 원자의 비밀을 풀다 [그림책으로 읽는 위대한 여성 과학자]',11000,'어린이용(역사/인물/지리)','어린이용(3-4학년)'),(141,'코트니 샤인멜, 수전 버드 지음/헤더 로스 그림/강미경 옮김','두레아이들','샐리의 감사 편지 [괜찮아, 괜찮아 16]',10000,'어린이용(문학)','어린이용(1-2학년)'),(142,'베르타 바르디 이 밀라 글/에두아르드 알타리바 그림/이섬민 옮김','두레아이들','처음 읽는 건축의 역사 [처음 읽는 시리즈]',18000,'어린이용(과학/환경/생태)','어린이용(5-6학년)'),(143,'김홍모 지음','딸기책방','별과 소년 : 김홍모 만화 [만화 보물섬 5]',15000,'어린이용(문학)','어린이용(5-6학년)'),(144,'박혜선 동시/김지현 그림','뜨인돌','한 글자 동시',13000,'어린이용(문학)','어린이용(1-2학년)'),(145,'에스테르 뒤플로 글/샤이엔 올리비에 그림/최진희 옮김','라이브리안','네소와 나지, 도시로 가다[노벨 경제학상 수상자 에스테르 뒤플로의 문제 해결 지식그림책 시리즈 3 : 노동인권]',18000,'어린이용(인문/사회/말과글)','어린이용(1-2학년)'),(146,'에스테르 뒤플로 글/샤이엔 올리비에 그림/최진희 옮김','라이브리안','누가 아피아를 치료할까[노벨 경제학상 수상자 에스테르 뒤플로의 문제 해결 지식그림책 시리즈 2 : 의료지원 ]',18000,'어린이용(인문/사회/말과글)','어린이용(1-2학년)'),(147,'에스테르 뒤플로 글/샤이엔 올리비에 그림/최진희 옮김','라이브리안','닐루는 학교에 가지 않아[노벨 경제학상 수상자 에스테르 뒤플로의 문제 해결 지식그림책 시리즈 1 : 학교교육]',18000,'어린이용(인문/사회/말과글)','어린이용(1-2학년)'),(148,'에스테르 뒤플로 글/샤이엔 올리비에 그림/최진희 옮김','라이브리안','마녀에게 내민 작은 손[노벨 경제학상 수상자 에스테르 뒤플로의 문제 해결 지식그림책 시리즈 5 : 복지제도]',18000,'어린이용(인문/사회/말과글)','어린이용(1-2학년)'),(149,'에스테르 뒤플로 글/샤이엔 올리비에 그림/최진희 옮김','라이브리안','울라네 마을 선거[노벨 경제학상 수상자 에스테르 뒤플로의 문제 해결 지식그림책 시리즈 4 :  - 여성과 정치]',18000,'어린이용(인문/사회/말과글)','어린이용(1-2학년)'),(150,'존 판던, 롭 비티 글/김맑아 옮김','라이카미','이상하게 재밌는 생활 과학 - 어렵고 따분한 과학책은 지구에서 사라져라! [이상하게 재밌는 과학]',18000,'어린이용(과학/환경/생태)','어린이용(3-4학년)'),(151,'온잘리 Q. 라우프 글/엘리사 파가넬리 그림/윤경선 옮김','라임','세상에서 가장 맛있는 은행 [라임 어린이 문학 41]',11000,'어린이용(문학)','어린이용(5-6학년)'),(152,'로맹 갈리소 글/파스칼 르메트르 그림/이세진 옮김','라임','어린이를 위한 디지털 교과서 [라임 주니어 스쿨 21]',14800,'어린이용(인문/사회/말과글)','어린이용(5-6학년)'),(153,'이렌 코엔-장카 글/엘자 오리올 그림/김자연 옮김','라임','언제까지나 네 곁에 있을게 [라임 그림 동화 33]',14000,'어린이용(문학)','어린이용(1-2학년)'),(154,'나자 벨하지 글/필리프 드 케메테르 그림/이세진 옮김','라임','위대한 똥 공장 [라임 주니어 스쿨 19]',14000,'어린이용(과학/환경/생태)','어린이용(1-2학년)'),(155,'천옌링 글·그림/박지민 옮김','리틀브레인','여우 오는 날',16000,'어린이용(문학)','어린이용(1-2학년)'),(156,'김미현 글/송진욱 그림','리틀씨앤톡','SNS에서 찾은 연대 이야기 [생각하는 어린이 사회편 11]',14000,'어린이용(인문/사회/말과글)','어린이용(3-4학년)'),(157,'허아성 글·그림','리틀씨앤톡','미래에는 [리틀씨앤톡 그림책 38]',14000,'어린이용(문학)','어린이용(1-2학년)'),(158,'정복현 글/홍연시 그림','리틀씨앤톡','오늘은 퓨전 요리사 [리틀씨앤톡 모두의 동화 32]',13000,'어린이용(문학)','어린이용(3-4학년)'),(159,'지슬영 글/최경식 그림','마루비','춤추는 아이 [마루비 어린이 문학 17]',13000,'어린이용(문학)','어린이용(5-6학년)'),(160,'박현정 지음/임광희 그림','마음이음','승승 형제 택배 소동 [마음 잇는 아이 19]',12000,'어린이용(문학)','어린이용(3-4학년)'),(161,'유영소 글/김효연 그림/현정오 감수','마음이음','우리 숲을 살린 나무 과학자 현신규 [지식 잇는 아이 15]',11500,'어린이용(역사/인물/지리)','어린이용(3-4학년)'),(162,'류미정 글/이갑규 그림','마주별','무조건 회장 [마주별 저학년 동화 7]',13000,'어린이용(문학)','어린이용(1-2학년)'),(163,'곽미영 글/지은 그림','만만한책방','받침구조대 [만만한국어 1]',13000,'어린이용(인문/사회/말과글)','어린이용(1-2학년)'),(164,'김주현 글/이로우 그림','만만한책방','왕과 사자',14000,'어린이용(문학)','어린이용(5-6학년)'),(165,'박효미 글/최미란 그림','만만한책방','탁구장의 사회생활 1 - 탁구장에서 살아남기',13000,'어린이용(문학)','어린이용(3-4학년)'),(166,'박효미 글/최미란 그림','만만한책방','탁구장의 사회생활 2 - 이유 있는 탁구 생활',13000,'어린이용(문학)','어린이용(3-4학년)'),(167,'지연리 글·그림','머스트비','걱정 많은 새 [생각 담기 그림책]',15000,'어린이용(문학)','어린이용(1-2학년)'),(168,'에릭 마티베 글/마를렌 노르망드 그림/지연리 옮김','머스트비','우리 함께 살아요 - 동식물과 인간이 어우러지는 행복한 삶의 방식',16000,'어린이용(과학/환경/생태)','어린이용(5-6학년)'),(169,'최은규 글/지연리 그림','머스트비','우리는 그렇지 않아 - 동물에 대해 우리가 생각지도 못했던 사실들',15000,'어린이용(과학/환경/생태)','어린이용(5-6학년)'),(170,'이여주 글/지연리 그림','머스트비','저어새 엄마',13000,'어린이용(문학)','어린이용(5-6학년)'),(171,'전성현 지음/최경식 그림','문학과지성사 ','비밀의 행성 노아 [문지아이들 175]',14000,'어린이용(문학)','어린이용(5-6학년)'),(172,'김양미 지음/김효은 그림','문학과지성사 ','잘 헤어졌어 [문지아이들 173]',14000,'어린이용(문학)','어린이용(5-6학년)'),(173,'김남중 글/홍선주 그림','문학동네','남극곰 1 - 북극 열차와 마지막 탐험대원 [보름달문고 90]',12500,'어린이용(문학)','어린이용(5-6학년)'),(174,'김남중 글/홍선주 그림','문학동네','남극곰 2 - 노아의 방주를 막아라 [보름달문고 91]',12500,'어린이용(문학)','어린이용(5-6학년)'),(175,'어윤정 글/해마 그림','문학동네','리보와 앤 - 아무도 오지 않는 도서관의 두 로봇 [보름달문고 89]',11500,'어린이용(문학)','어린이용(5-6학년)'),(176,'김미애 글/다나 그림','바람의아이들','구덩이에 빠졌어! [돌개바람 56]',14000,'어린이용(문학)','어린이용(1-2학년)'),(177,'플뢰르 도제 글/잔 드탈랑트 그림/윤예니 옮김','바람의아이들','동물들의 머릿속 [알맹이 그림책 63]',27800,'어린이용(과학/환경/생태)','어린이용(3-4학년)'),(178,'김탄리 글/홍그림 그림','밝은미래','나를 찾아 줘! [아이스토리빌 53]',13000,'어린이용(문학)','어린이용(1-2학년)'),(179,'아미나 루크먼 도슨 글/이원경 옮김','밝은미래','프리워터- 자유를 찾는 모든 이들의 꿈 [미래주니어노블 13]',17500,'어린이용(문학)','어린이용(5-6학년)'),(180,'정제광 지음/이은지 그림','별숲','가구들이 화났다 [별숲 동화 마을 51]',14000,'어린이용(문학)','어린이용(5-6학년)'),(181,'지슬영 지음/유시연 그림','별숲','영원한 페이스메이커 [별숲 동화 마을 49]',13000,'어린이용(문학)','어린이용(5-6학년)'),(182,'성주희 글/박현주 그림','보랏빛소','수상한 저주 쪽지 [책 읽는 교실 17]',13000,'어린이용(문학)','어린이용(3-4학년)'),(183,'동민수 글/옥영관 그림','보리','부지런한 일꾼 개미 [보리 초등 자연 관찰 1]',16000,'어린이용(과학/환경/생태)','어린이용(3-4학년)'),(184,'정광수 글/옥영관 그림','보리','으뜸 비행사 잠자리 [보리 초등 자연 관찰 2]',25000,'어린이용(과학/환경/생태)','어린이용(3-4학년)'),(185,'장서후 글/심보영 그림','보림','독립 만세 : 장서후 동시집',12000,'어린이용(문학)','어린이용(3-4학년)'),(186,'린나 사라마키 글/사미 사라마키 그림/이지영 옮김','보림','땅속 깊은 곳으로 [아트사이언스]',13000,'어린이용(과학/환경/생태)','어린이용(1-2학년)'),(187,'린나 사라마키 글/사미 사라마키 그림/이지영 옮김','보림','바닷속 깊은 곳으로 [아트사이언스]',13000,'어린이용(과학/환경/생태)','어린이용(1-2학년)'),(188,'맥 바넷 글/케이트 베루브 그림/신형건 옮김','보물창고','오늘은 네 차례야 [I LOVE 그림책]',16000,'어린이용(문학)','어린이용(1-2학년)'),(189,'맷 데 라 페냐 글/코리나 루켄 그림/전하림 옮김','보물창고','패치워크 [I LOVE 그림책]',16000,'어린이용(문학)','어린이용(1-2학년)'),(190,'안수민 글/신은경 그림','봄개울','까칠 수염 보건 선생님 [어린이책봄 5]',13000,'어린이용(문학)','어린이용(1-2학년)'),(191,'정은정 글/윤진현 그림','봄개울','열려라, 돈나무! [어린이책봄 4]',13000,'어린이용(문학)','어린이용(1-2학년)'),(192,'에이미 갤러거 글/제니 웨버 그림/정희경 옮김','봄나무','꿀벌과 함께 시작돼요 - 작은 벌이 세상을 아름답게 꽃피워요 [봄나무 그림책]',14000,'어린이용(과학/환경/생태)','어린이용(1-2학년)'),(193,'류지웅 글/오승만 그림','봄나무','우리는 공유경제에 진심 [세상을 바꾸는 10대들의 챌린지]',13500,'어린이용(인문/사회/말과글)','어린이용(5-6학년)'),(194,'김태훈 지음/김잔디 그림','봄마중','교양 꿀꺽 : 누구에게나 인권이 있을까? [교양 꿀꺽 2]',14000,'어린이용(인문/사회/말과글)','어린이용(5-6학년)'),(195,'조경희 글/심윤정 그림','봄마중','소원 일기장 [개나리문고 8]',12000,'어린이용(문학)','어린이용(1-2학년)'),(196,'사라 월든 지음/케이티 루스 그림/이채이 옮김/한명식 도움글','봄마중','예술이 왜 필요할까? [질문 많은 어린이를 위한 생각수업 3]',12000,'어린이용(예술/체육)','어린이용(3-4학년)'),(197,'사라 월든 지음/케이티 루스 그림/이채이 옮김/진회숙 도움글','봄마중','음악이 왜 필요할까? [질문 많은 어린이를 위한 생각수업 4]',12000,'어린이용(예술/체육)','어린이용(3-4학년)'),(198,'윤민용 지음/이화 그림','봄볕','1795년, 정조의 행복한 행차 - 화성원행도를 따라가 보다 [온그림책 15]',26000,'어린이용(역사/인물/지리)','어린이용(3-4학년)'),(199,'나은경 글·그림','봄볕','그숲의 마음아이 [봄볕어린이문학 29]',14000,'어린이용(문학)','어린이용(5-6학년)'),(200,'명정구, 안미란 지음/이승원 그림','봄볕','독도 바닷속으로 와 볼래? [바다에서 과학을 1]',18000,'어린이용(과학/환경/생태)','어린이용(3-4학년)'),(201,'남경희 지음/오승민 그림','봄볕','백정의 아들, 포와에 가다 [봄볕어린이문학 31]',14000,'어린이용(문학)','어린이용(5-6학년)'),(202,'정윤선 지음/김규택 그림','봄볕','함께라면 -  연대 [작은시민학교]',13800,'어린이용(인문/사회/말과글)','어린이용(3-4학년)'),(203,'조르지오 볼페 글/파올로 프로이에티 그림/홍연미 옮김','봄의정원','내 마음의 소리 [정원 그림책]',14000,'어린이용(인문/사회/말과글)','어린이용(1-2학년)'),(204,'이와 조지프코비치 글/장혜진 옮김','봄의정원','쿠킹 클럽 탐정단 [정원문고]',14000,'어린이용(문학)','어린이용(5-6학년)'),(205,'이유진 글·그림','북극곰','오늘은 웃으며 [북극곰 꿈나무 그림책 100]',16000,'어린이용(문학)','어린이용(1-2학년)'),(206,'장 클로드 무를르바 지음/앙투안 론존 그림/지연리 옮김','북극곰','제퍼슨 : 살해 누명을 벗어라! [이야기강 시리즈 10]',15000,'어린이용(문학)','어린이용(5-6학년)'),(207,'라이언 아이어스 글/레이첼 빅토리아 힐리스 그림/박문선 옮김','북극곰','집에서 놀아요! - 창의력을 키우는 22가지 실내 놀이 [북극곰 궁금해 18]',16000,'어린이용(예술/체육)','어린이용(1-2학년)'),(208,'폴리 오언 글/그웬 밀워드 그림/강수진 옮김','북극곰','찰스 다윈의 엄청난 지렁이 똥 쇼 [북극곰 궁금해 19]',17000,'어린이용(과학/환경/생태)','어린이용(1-2학년)'),(209,'짜응 응우엔 지음/찌뜨 주응 그림/김여진 옮김','북드림아이','짱과 야생 코끼리 흐넝 - 실화를 바탕으로 한 코끼리 구조 이야기 [짱과 야생 동물]',20000,'어린이용(과학/환경/생태)','어린이용(3-4학년)'),(210,'윤여림 글/정진호 그림','북멘토','다시는 낚시 안 해 [북멘토 그림책 11]',15800,'어린이용(과학/환경/생태)','어린이용(1-2학년)'),(211,'주봄 글/이덕화 그림','북멘토','버려 버려 스티커 [저학년 씨알문고 8]',12500,'어린이용(문학)','어린이용(1-2학년)'),(212,'하리라 지음/ 정진희 그림/ 문은배 감수','북멘토','변신! 오방 히어로즈, 문화유산에 숨은 색 보물을 찾아라!',14000,'어린이용(역사/인물/지리)','어린이용(5-6학년)'),(213,'우이 글/왕주민 그림/김혜진 옮김','북멘토','쿵쿵쿵 [북멘토 그림책 15]',16800,'어린이용(문학)','어린이용(1-2학년)'),(214,'케이티 호우스 글/디나라 미르탈리포바 그림/남은주 옮김','북뱅크','베를 짜다 삶을 엮다',17000,'어린이용(문학)','어린이용(3-4학년)'),(215,'신채연 글/조승연 그림','북스그라운드','세기의 대결',15000,'어린이용(문학)','어린이용(3-4학년)'),(216,'신현경 글/노예지 그림','북스그라운드','야옹이 수영 교실',15800,'어린이용(문학)','어린이용(1-2학년)'),(217,'블란카 세들라코바, 에바 바르토바, 마르케타 노바코바 글/마테이 일치크 그림/신소희 옮김','북스토리','신기한 알 사전',20000,'어린이용(과학/환경/생태)','어린이용(3-4학년)'),(218,'쇼나 스티스.존 스티스 지음/ 마리벨 레추가 그림/ 장미정 옮김','북스토리아이','검은 해변 - 건강한 지구를 위해 모두 행동해요 [책 읽는 우리 집 35]',14000,'어린이용(과학/환경/생태)','어린이용(1-2학년)'),(219,'자닌 테송 시/요안나 콘세이요 그림/성미경 옮김','분홍고래','달빛 속에서 [생각하는 분홍고래 22]',18000,'어린이용(문학)','어린이용(3-4학년)'),(220,'공주영 글/원정민 그림','분홍고래','행복한 동물 [미래로 가는 희망 버스 7]',14000,'어린이용(과학/환경/생태)','어린이용(5-6학년)'),(221,'앤디 J. 피자, 소피 밀러 지음/김세실 옮김','불광출판사','네 느낌은 어떤 모습이니? [우리 아이 인성교육 시리즈 20]',15000,'어린이용(예술/체육)','어린이용(1-2학년)'),(222,'캇 예 글/이자벨 아르스노 그림/황유진 옮김','불광출판사','작은 빛 하나가 [우리 아이 인성교육 시리즈 19]',14000,'어린이용(문학)','어린이용(1-2학년)'),(223,'션 & 카린 헵번 페러 글/도미니크 코르바송, 프랑수아 아브릴 그림/이현아 옮김','브와포레','오드리 헵번 이야기 - 나의 어머니, 오드리를 기억하며 [그림책 숲 30]',29000,'어린이용(문학)','어린이용(3-4학년)'),(224,'김양희 글/나인완 그림','블루무스어린이','대충 봐도 머리에 남는 어린이 야구 상식 - 야구의 재미를 제대로 알게 하는 알쏭달쏭 야구의 모든 것 [초등학생을 위한 유쾌한 교양 수업]',14800,'어린이용(예술/체육)','어린이용(3-4학년)'),(225,'최순규, 박정미 지음','비글스쿨(자연과생태)','우리 동네 새 사전 [어린이 생물 도서관 9]',28000,'어린이용(과학/환경/생태)','어린이용(5-6학년)'),(226,'박주혜 글/이해정 그림','비룡소','그레이스 호퍼 - 프로그래밍의 기틀을 마련한 컴퓨터 과학자 [새싹 인물전 68]',11000,'어린이용(역사/인물/지리)','어린이용(1-2학년)'),(227,'루리 글·그림','비룡소','메피스토',21000,'어린이용(문학)','어린이용(1-2학년)'),(228,'이현지 글/김규택 그림','비룡소','한성이 서울에게 [일공일삼 8]',13000,'어린이용(문학)','어린이용(5-6학년)'),(229,'김혜진 지음/모차 그림','사계절','가느다란 마법사와 아주 착한 타파하 ',12000,'어린이용(문학)','어린이용(3-4학년)'),(230,'유은실 지음/김유대 그림','사계절','나는 따로 할 거야 [사계절 웃는 코끼리 26]',8500,'어린이용(문학)','어린이용(1-2학년)'),(231,'이순혁 글/송진욱 그림','사계절','법 따라 나이 따라 - 나이에 따른 법적 권리와 의무 [반갑다 사회야 31]',13500,'어린이용(인문/사회/말과글)','어린이용(5-6학년)'),(232,'배현 글/신병근 그림','사계절','알면 약이 되는 약 이야기 [반갑다 과학 1]',13500,'어린이용(과학/환경/생태)','어린이용(5-6학년)'),(233,'김혜정 지음/김연제 그림','사계절','열세 살의 걷기 클럽 [사계절 아동문고 108]',12000,'어린이용(문학)','어린이용(5-6학년)'),(234,'트레이시 터너 글/오사 길랜드 그림/서남희 옮김','사파리','서로 다르지만 우리는 모두 친구야! - 인종·성별·문화의 차이를 존중하는 다양성 체험 학교 [세상의 모든 지식]',16000,'어린이용(인문/사회/말과글)','어린이용(1-2학년)'),(235,'티아고 드 모라에스 글·그림/신인수 옮김','사파리','세계 발명 발견 아틀라스 [세상의 모든 지식]',24000,'어린이용(역사/인물/지리)','어린이용(5-6학년)'),(236,'안드레스 로페스 글·그림/김서정 옮김','산하','끄로꼬 [산하그림책]',15000,'어린이용(문학)','어린이용(1-2학년)'),(237,'세라핀 므뉘 글/실비 세르프리 그림/양혜진 옮김','산하','분홍 귀고리 [산하세계문학]',16500,'어린이용(문학)','어린이용(5-6학년)'),(238,'이소완 글/박지윤 그림','산하','아이들이 줄줄이 이야기가 줄줄이 [산하작은아이들]',13000,'어린이용(문학)','어린이용(3-4학년)'),(239,'코니 라 그로테리아 글/마리나 사에스 그림/윤승진 옮김','상수리','우리는 괴롭힘을 이겨낼 거야! [마음의 힘 6 : 괴롭힘]',15000,'어린이용(인문/사회/말과글)','어린이용(3-4학년)'),(240,'황지영 글/원정민 그림','샘터','루리의 우주 [함께하는 이야기 6]',14000,'어린이용(문학)','어린이용(5-6학년)'),(241,'오진원 글/최희옥 그림/이지수 기획','샘터','파도 타고 조선 너머 [샘터어린이문고 73]',15000,'어린이용(역사/인물/지리)','어린이용(5-6학년)'),(242,'이병승 글/오이트 그림','서유재','비밀 도서관 : 기묘한 도서관 3 [서유재 어린이문학선 두리번 16]',13000,'어린이용(문학)','어린이용(5-6학년)'),(243,'최상아 글/불곰 그림','소원나무','고스트 프렌드 - 완벽한 친구를 만나시겠습니까? [소원잼잼장르 5]',14000,'어린이용(문학)','어린이용(5-6학년)'),(244,'오드 글/시미씨 그림','소원나무','마법의 코끼리 똥 일기장 [소원저학년책 4]',13000,'어린이용(문학)','어린이용(1-2학년)'),(245,'김경미 글/이창희 그림','소원나무','마음 얼굴 병원 - 성격을 바꿔 드립니다 [소원어린이책 20]',13000,'어린이용(문학)','어린이용(3-4학년)'),(246,'박영택 지음','스푼북','(신에게서 인간으로) 중세와 르네상스 미술',14000,'어린이용(예술/체육)','어린이용(5-6학년)'),(247,'송아주 글/김잔디 그림','스푼북','내 맘대로 유튜브 [작은 스푼]',13500,'어린이용(문학)','어린이용(1-2학년)'),(248,'백정애 글/김이주 그림','스푼북','오 마이 갓 주식회사 [작은 스푼]',13500,'어린이용(문학)','어린이용(1-2학년)'),(249,'김일옥 글/김옥재 그림','스푼북','작전명 말모이, 한글을 지킨 사람들',14000,'어린이용(역사/인물/지리)','어린이용(5-6학년)'),(250,'송아주 글/김래현 그림','스푼북','저작권 수호천사',14000,'어린이용(인문/사회/말과글)','어린이용(5-6학년)'),(251,'류재향 글/모예진 그림','시공주니어','기타 등등 동아리를 신청합니다 [시공주니어 문고 2단계 90]',13000,'어린이용(문학)','어린이용(3-4학년)'),(252,'존 클라센 글·그림/서남희 옮김','시공주니어','오틸라와 해골 [네버랜드 Picture Books 세계의 걸작 그림책 302]',16000,'어린이용(문학)','어린이용(1-2학년)'),(253,'지안 지음/도아마 그림','시공주니어','크리스마스에는 눈꽃펑펑치킨을!',13000,'어린이용(문학)','어린이용(3-4학년)'),(254,'위해준 글/야엘 프랑켈 그림','시공주니어','한 사람 [생각하는 숲]',14000,'어린이용(문학)','어린이용(3-4학년)'),(255,'라보 아틀리에 공동체 지음/김영진 옮김','시금치','내 멋대로 꿈꾸는 연구소 [생각이 쑥쑥 브레인스토밍 미술]',18000,'어린이용(예술/체육)','어린이용(3-4학년)'),(256,'안 크로자 글·그림/이세진 옮김','시금치','반딧불이 정원의 어느 밤 [떡잎그림책 16]',18000,'어린이용(과학/환경/생태)','어린이용(1-2학년)'),(257,'페르닐라 스탈펠트 글·그림/홍재웅 옮김','시금치','옛날과 지금에 관한 책 [처음 철학 그림책 : 역사]',12000,'어린이용(역사/인물/지리)','어린이용(3-4학년)'),(258,'알렉스 보어스마, 닉 피언슨 글/알렉스 보어스마 그림/류재향 옮김','썬더키즈','미안해, 북극고래야 - 시간을 여행하는 북극고래 이야기 [꼬마도서관 19]',14000,'어린이용(과학/환경/생태)','어린이용(1-2학년)'),(259,'이선경 지음/ 이한울 그림','썬더키즈','세상을 움직이는 소년 소녀 : 두 번째 이야기 - 가장 어두운 곳에서도 반짝반짝 빛나는 친구들 [함께 만들어 가는 세상 14]',13500,'어린이용(역사/인물/지리)','어린이용(5-6학년)'),(260,'강미숙 글/문구선 그림','썬더키즈','식탁 위의 기후 위기 - 음식으로 읽는 지구 온난화 이야기 [함께 만들어 가는 세상 15]',13500,'어린이용(과학/환경/생태)','어린이용(3-4학년)'),(261,'현민 글/이한울 그림','썬더키즈','지구 다이어트 - 슈슈와 카이의 환경 지키기 대작전 [함께 만들어 가는 세상 18]',13500,'어린이용(과학/환경/생태)','어린이용(3-4학년)'),(262,'커스틴 W. 라슨 글/캐서린 로이 그림/홍주은 옮김','씨드북','내 머릿속 번개가 번쩍! - 별의 진실을 밝힌 천문학자 세실리아 페인 [바위를 뚫는 물방울 17]',14000,'어린이용(역사/인물/지리)','어린이용(3-4학년)'),(263,'스테파니 드마스 포티에 글/톰 오고마 그림/이정주 옮김','씨드북','돌아가지 않고 [신나는 새싹 204]',16000,'어린이용(문학)','어린이용(1-2학년)'),(264,'줄리 다우닝 지음/이계순 옮김','씨드북','한밤중 도시에서는 [신나는 새싹 205]',15000,'어린이용(문학)','어린이용(1-2학년)'),(265,'키아라 로사니 글/빔바 란트만 그림/김경희 옮김','아롬주니어','이크발 - 한 어린이 활동가가 품었던 꿈',14000,'어린이용(인문/사회/말과글)','어린이용(5-6학년)'),(266,'강미경 글/김수영 그림','아롬주니어','진짜 가족이 되어 주세요 [아롬중학년문고]',13000,'어린이용(문학)','어린이용(3-4학년)'),(267,'세실 쥐글라, 잭 기샤르 글/로랑 시몽 그림/김세은 옮김','아름다운사람들','모래가 푹푹푹 [요리조리 사이언스키즈 14]',12000,'어린이용(과학/환경/생태)','어린이용(1-2학년)'),(268,'세실 쥐글라, 잭 기샤르 글/로랑 시몽 그림/김세은 옮김','아름다운사람들','유리는 반짝반짝 [요리조리 사이언스키즈 12]',12000,'어린이용(과학/환경/생태)','어린이용(1-2학년)'),(269,'유강 글/공서연 그림','아름다운사람들','잘못을 대하는 아름다운 방식',13500,'어린이용(문학)','어린이용(1-2학년)'),(270,'양혜원 글/한수진 그림','아이음북스','급식 마녀와 멋대로 마법사 [달빛문고 2]',13000,'어린이용(문학)','어린이용(3-4학년)'),(271,'박윤경 글/젤리이모 그림ㄴ','아주좋은날','박남옥과 최은희 - 도전과 용기 [이 시대를 빛낸 인물 시리즈 2]',14000,'어린이용(역사/인물/지리)','어린이용(3-4학년)'),(272,'모니카 우트닉 글/아그니에슈카 소자인스카 그림/김영화 옮김','안녕로빈','냄새 - 향기와 악취의 과학과 문화 [로빈의 그림책장 3]',20000,'어린이용(과학/환경/생태)','어린이용(3-4학년)'),(273,'맥 하크동크 글·그림/한도인 옮김','알라딘북스','세계에 이런 곳이? - 구석구석 대륙 탐험 [와우! WOW! 시리즈]',13000,'어린이용(역사/인물/지리)','어린이용(3-4학년)'),(274,'로라 겔 글/우다야나 루고 그림/김정윤 옮김','애플트리태일즈','바다가 있는 창문',14000,'어린이용(문학)','어린이용(1-2학년)'),(275,'히바 누르 칸 글/레이철 딘 그림/조연주 옮김','양철북','모두의 집 - 전 세계 열여덟 청년 활동가들의 희망 이야기',18000,'어린이용(과학/환경/생태)','어린이용(5-6학년)'),(276,'박자울, 황동진 지음','어린이작가정신','개의 입장 - 내 이야기를 들려줄게 [물구나무 세상보기]',18000,'어린이용(문학)','어린이용(3-4학년)'),(277,'린다 분데스탐 글·그림/이유진 옮김','어린이작가정신','외로운 아홀로틀 이야기 [재잘재잘 세계 그림책]',16000,'어린이용(과학/환경/생태)','어린이용(1-2학년)'),(278,'조아라 지음/ 수아 그림','엠앤키즈','실패 극복기 - 실패를 딛고 성공한 세계 위인들 [CQ 놀이북]',13500,'어린이용(역사/인물/지리)','어린이용(3-4학년)'),(279,'안드레아스 셰른샤우겐 글/리네 렌슬레브로텐 그림/이정모 옮김/장수진 감수','여유당','대왕고래 : 세상에서 가장 큰 동물에 관한 놀라운 이야기 [아름다운 지식 2]',22000,'어린이용(과학/환경/생태)','어린이용(3-4학년)'),(280,'브리타 테큰트럽 글·그림/이명아 옮김','여유당','알 : 모든 생명의 시작 [아름다운 지식 3]',22000,'어린이용(과학/환경/생태)','어린이용(3-4학년)'),(281,'송희경 글/이소영 그림','연립서가','화가의 집, 박노수미술관 - 동양화를 알려 주는 빨간 벽돌집과 비밀의 정원',19500,'어린이용(예술/체육)','어린이용(3-4학년)'),(282,'앤트완 이디 글/그레이시 장 그림/홍연미 옮김','열린어린이','나이젤과 꿈꾸는 달 [열린어린이 그림책 30]',16000,'어린이용(문학)','어린이용(1-2학년)'),(283,'마라 록클리프 글/후아나 마르티네즈-닐 그림/황유진 옮김','열린어린이','레나의 옷은 당당하고 아름다워 [열린어린이 그림책 28]',15000,'어린이용(역사/인물/지리)','어린이용(1-2학년)'),(284,'고지운 외 39명 글/서누 그림','열림원어린이(파랑새)','2023 여름 우리나라 좋은동시',14000,'어린이용(문학)','어린이용(3-4학년)'),(285,'임어진 글/클로이 그림','열림원어린이(파랑새)','나로의 가상현실- 2055년, 보안마스크로 생명을 유지하는 세상 [열림원어린이 창작동화 2]',14000,'어린이용(문학)','어린이용(5-6학년)'),(286,'이노우에 나나 글·그림/오하나 옮김','열매하나','황금무늬고양이와 이쪽저쪽 세계',19000,'어린이용(예술/체육)','어린이용(3-4학년)'),(287,'장 바티스트 드루오 지음/이화연 옮김','옐로스톤','그레이엄의 또 빵 심부름 [상상그림책 4]',16000,'어린이용(문학)','어린이용(1-2학년)'),(288,'안나 파슈키에비츠 글/카시아 발렌티노비츠 그림/최성은 옮김','옐로스톤','어제 씨와 내일이 [마음그림책 16]',15000,'어린이용(문학)','어린이용(3-4학년)'),(289,'박병철 글/홍그림 그림','올리','숫자도 모르던 뉴메릭의 수학 정복기',14000,'어린이용(과학/환경/생태)','어린이용(3-4학년)'),(290,'이규희 글/이지미 그림','올리','안 뺏겨! 개인정보',12500,'어린이용(인문/사회/말과글)','어린이용(1-2학년)'),(291,'유다정 글/이해정 그림/와이즈만 영재교육연구소 감수','와이즈만BOOKs','마이너 도사의 쓰레기 줄여줄여법 [와이즈만 환경과학 그림책 16]',13000,'어린이용(과학/환경/생태)','어린이용(1-2학년)'),(292,'김성화, 권수진 글/박정섭 그림','와이즈만BOOKs','미래가 온다, 미래 식량 [와이즈만 미래과학 19]',15000,'어린이용(과학/환경/생태)','어린이용(3-4학년)'),(293,'원종우, 최향숙 지음/정민영 그림/와이즈만 영재교육연구소 감수','와이즈만BOOKs','엉뚱하지만 과학입니다 6 : 캔 우유나 팩 콜라는 왜 없지?',13000,'어린이용(과학/환경/생태)','어린이용(3-4학년)'),(294,'원종우, 최향숙 지음/젠틀멜로우 그림 와이즈만 영재교육연구소 감수','와이즈만BOOKs','엉뚱하지만 과학입니다 7 : 나만 몰랐던 코딱지의 정체',13000,'어린이용(과학/환경/생태)','어린이용(3-4학년)'),(295,'박채현 글/김기린 그림','우리교육','강태풍 실종 사건 [힘찬문고 67]',12000,'어린이용(문학)','어린이용(5-6학년)'),(296,'문경민 글/이소영 그림','우리학교','열세 살 우리는 [우리학교 상상 도서관]',14500,'어린이용(문학)','어린이용(5-6학년)'),(297,'정윤선 지음/우지현 그림','우리학교','챗GPT가 내 공부를 다 해 준다고? - 어린이를 위한 생성형 인공 지능의 모든 것 [우리학교 어린이 교양]',14500,'어린이용(과학/환경/생태)','어린이용(3-4학년)'),(298,'이데 에이사쿠 글/남수 그림/정회성 옮김','우리학교','평범한 어린이가 말하는 모두의 행복 - 열두 살 진짜 사회 수업 [우리학교 어린이 교양]',15000,'어린이용(인문/사회/말과글)','어린이용(5-6학년)'),(299,'정하섭 글/정인성, 천복주 그림','우주나무','보자기 한 장 [우주나무 그림책 19]',22000,'어린이용(문학)','어린이용(1-2학년)'),(300,'신경림 시/이장미 그림','웃는돌고래','달라서 좋은 내 짝꿍',13000,'어린이용(문학)','어린이용(1-2학년)'),(301,'메리앤 코카-레플러 글/비비안 밀덴버거 그림/김여진 옮김','웃는돌고래','더 이상의 ‘안 돼’는 거절하겠어! - 장애 인권 운동가 주디스 휴먼의 이야기',13000,'어린이용(인문/사회/말과글)','어린이용(3-4학년)'),(302,'강창훈 지음','웃는돌고래','세계사를 담은 도자기 이야기 - 과거와 현재, 미래가 담긴 열두 점의 도자기 [고갱이 지식 백과 13]',15000,'어린이용(역사/인물/지리)','어린이용(5-6학년)'),(303,'김윤경 글/하수정 그림','웅진주니어','소원 취소해 주세요 [뉴온 4]',12500,'어린이용(문학)','어린이용(5-6학년)'),(304,'킴 차카네차 글/마요와 알라비 그림/박미준 옮김/허성용 감수','원더박스','(세계 시민으로 살아가는 어린이를 위한) 아프리카 안내서',22000,'어린이용(역사/인물/지리)','어린이용(5-6학년)'),(305,'조나단 케이스 글·그림/조은영 옮김','원더박스','멸망한 세계에서 우리가 나비를 쫓는 이유',20000,'어린이용(과학/환경/생태)','어린이용(5-6학년)'),(306,'팀 버케드 글/캐서린 레이너 그림/노승영 옮김','원더박스','새가 된다는 건 - 새들은 어떻게 먹고, 느끼고, 사랑할까',16800,'어린이용(과학/환경/생태)','어린이용(3-4학년)'),(307,'권은정 글·그림','월천상회','박치기 발차기',16000,'어린이용(문학)','어린이용(1-2학년)'),(308,'소니아 라요스, 실바나 안드레스 글/후안 베리오 그림/성초림 옮김/권현정 감수','위즈덤하우스','건축물이 올라가는 중입니다 - 어린이 건축 수업',25000,'어린이용(과학/환경/생태)','어린이용(3-4학년)'),(309,'강승임 글/김규정 그림','위즈덤하우스','나도 상처 받지 않고 친구도 상처 받지 않는 말하기 연습 [나도 상처 받지 않고 친구도 상처 받지 않는 시리즈]',13500,'어린이용(인문/사회/말과글)','어린이용(3-4학년)'),(310,'정화영 글/하루치 그림/한국항공우주연구원 기획·자문·감수','위즈덤하우스','누리호의 도전 - 뉴 스페이스 시대 어린이를 위한 우주 과학 교양',16000,'어린이용(과학/환경/생태)','어린이용(3-4학년)'),(311,'이유리 글/임나운 그림','위즈덤하우스','불량 수제자 [파란이야기 12]',14000,'어린이용(문학)','어린이용(5-6학년)'),(312,'로버트 비티 글/황세림 옮김','위즈덤하우스','숲의 아이 윌라',20000,'어린이용(문학)','어린이용(5-6학년)'),(313,'윤여림 글/최미란 그림','위즈덤하우스','초능력 [스콜라 창작 그림책 69]',18800,'어린이용(문학)','어린이용(1-2학년)'),(314,'박성희 글/김소희 그림','위즈덤하우스','친애하고 존경하는 [파란이야기 11]',13000,'어린이용(문학)','어린이용(5-6학년)'),(315,'리사 이 지음/송섬별 옮김','위즈덤하우스','황금성 : 백 년이 넘은 식당',18000,'어린이용(문학)','어린이용(5-6학년)'),(316,'이재문 글/오승민 그림','위즈덤하우스','히든 : 꼴까닥 섬의 비밀 [파란이야기 15]',14800,'어린이용(문학)','어린이용(5-6학년)'),(317,'소피 비시에르 글·그림/김이슬 옮김','이마주','기막힌 항해 [이마주 창작동화]',14000,'어린이용(문학)','어린이용(3-4학년)'),(318,'알프레도 소데르기트 글·그림/문주선 옮김/지혜 해설','이마주','나는 동물입니다 [철학하는 아이 21]',12000,'어린이용(문학)','어린이용(1-2학년)'),(319,'제니 드베니 글·그림/문주선 옮김/소이언 해설/샤르니에 고든 구성','이마주','으뜸이 버금이 이끔이 [철학하는 아이 22]',12000,'어린이용(인문/사회/말과글)','어린이용(3-4학년)'),(320,'송현지 글/순두부 그림','이야기공간','좋아 싫어 대신 뭐라고 말하지? [어린이 감정 공부 그림책]',15800,'어린이용(문학)','어린이용(1-2학년)'),(321,'나태주 시/문도연 그림','이야기꽃','강물과 나는 [노래와 그림책]',16000,'어린이용(문학)','어린이용(3-4학년)'),(322,'앙헬라 레온 글·그림/엄혜숙 옮김','이유출판','샬롯 페리앙 - 새로운 라이프 스타일을 상상한 건축가',15000,'어린이용(예술/체육)','어린이용(3-4학년)'),(323,'임지형 글/김완진 그림','이지북','바퀴 달린 강아지와 초콜릿 상자 [샤미의 책 놀이터 1]',12000,'어린이용(문학)','어린이용(3-4학년)'),(324,'부연정 글/고형주 그림','이지북','초능력 어벤저스 [책 읽는 샤미 27]',13000,'어린이용(문학)','어린이용(5-6학년)'),(325,'임유신 지음/김재준 감수','이케이북','10대를 위한 건축 학교 - 세우고 쌓은 것들의 기원과 원리',16000,'어린이용(과학/환경/생태)','어린이용(5-6학년)'),(326,'치웨이 글·그림/조은 옮김','작은별밭(섬드레)','그랬구나! [작은별밭 그림책 10]',15000,'어린이용(문학)','어린이용(1-2학년)'),(327,'류하이치 글/뤄링 그림/장명숙 옮김','작은별밭(섬드레)','세 친구 [작은별밭 그림책 12]',16000,'어린이용(문학)','어린이용(1-2학년)'),(328,'황이원 지음/박지민 옮김','작은별밭(섬드레)','옛날 옛날 기차가 작은 섬에 왔어요 [작은별밭 그림책 6]',16000,'어린이용(문학)','어린이용(3-4학년)'),(329,'김수현 글/이노리 그림/박고운, 박나래 대화','작은코도마뱀','(선생님과 언니가 알려 주는) 진짜 초등 1학년',14000,'어린이용(인문/사회/말과글)','어린이용(1-2학년)'),(330,'나딘 로베르 글/친 렁 그림/강나은 옮김','작은코도마뱀','귀를 기울이면 [도마뱀 그림책 6]',16500,'어린이용(문학)','어린이용(1-2학년)'),(331,'세라 오리어리 글/친 렁 그림/강나은 옮김','작은코도마뱀','나는 나야, 나! [도마뱀 그림책 7]',14000,'어린이용(문학)','어린이용(1-2학년)'),(332,'알레산드로 바르발리아 글/황지영 옮김','작은코도마뱀','별빛 아래 체크메이트 [도마뱀 책장 4]',13500,'어린이용(문학)','어린이용(5-6학년)'),(333,'하선영 글/이윤희 그림/임영림 감수','작은코도마뱀','생리는 처음이야 [도마뱀 책장 3]',13000,'어린이용(문학)','어린이용(5-6학년)'),(334,'에이미 헌팅턴 글/낸시 레몬 그림/이한음 옮김','재능교육','(너도 할 수 있어) 도전! 산 만들기',15000,'어린이용(과학/환경/생태)','어린이용(1-2학년)'),(335,'이돈수, 배은영 글/토리아트 그림','제제의숲','꼬레아 타임스 - 외국인이 본 신기한 100년 전 우리나라',16800,'어린이용(역사/인물/지리)','어린이용(5-6학년)'),(336,'옐레나 불라이 글·그림/이윤정 옮김/설채현 감수','주니어RHK','개와 함께 삽니다 - 반려견에 대한 모든 것 [베스트 지식 그림책 9]',20000,'어린이용(과학/환경/생태)','어린이용(3-4학년)'),(337,'기타가와 치하루 글/오노 야요이 그림/최경식 옮김','주니어RHK','걱정 선생님 [책이 좋아 1단계 11]',12000,'어린이용(문학)','어린이용(1-2학년)'),(338,'수지 호지 글/마르코스 파리나 그림/박재연 옮김','주니어RHK','어린이 미술 사전 100 - 100개의 키워드로 보는 미술의 모든 것 [베스트 지식 그림책 10]',22000,'어린이용(예술/체육)','어린이용(5-6학년)'),(339,'정다빈, 권성희 글/구희 그림/문윤섭 감수','주니어RHK','열두 달 지구하자 - 같이 알자 같이 하자!',17000,'어린이용(과학/환경/생태)','어린이용(3-4학년)'),(340,'배지영 글/박재현 그림','주니어김영사','범인은 바로 책이야 [저학년을 위한 꼬마도서관 63]',12000,'어린이용(문학)','어린이용(1-2학년)'),(341,'자끄 골드스타인 그림/뤼실 드 펠루앙 글/권지현 옮김','주니어김영사','안녕! 내 친구가 되어 줘',14800,'어린이용(문학)','어린이용(3-4학년)'),(342,'앙드레 마루아 글/제라르 뒤부아 그림/권지현 옮김','주니어김영사','우리가 상상만 하면 [그림책 도서관]',14500,'어린이용(문학)','어린이용(1-2학년)'),(343,'김선 글/한호진 그림','주니어김영사','천 번 마법 [저학년을 위한 꼬마도서관 64]',12000,'어린이용(문학)','어린이용(1-2학년)'),(344,'데이비드 웨스트, 올리버 웨스트 지음/이종원 옮김/이유진 감수','지구별어린이','재생 에너지, 지구를 구해요! [지구가 아파요!]',13000,'어린이용(과학/환경/생태)','어린이용(1-2학년)'),(345,'이정환 지음','지노','(역사탐정 만두와 함께하는) 이야기 한국사 - 한 권으로 끝내는 초등 한국사, 역사의 흐름과 개념이 잡힌다! [TCA 열린학교 시리즈]',22000,'어린이용(역사/인물/지리)','어린이용(5-6학년)'),(346,'연경흠 지음','지성사','댕글댕글~ 세계의 다리를 건너다 [댕글댕글 5]',25000,'어린이용(인문/사회/말과글)','어린이용(5-6학년)'),(347,'카를리 비셀스 글/마레이어 톨만 그림/최진영 옮김','지양어린이','박새와 두더지 [지양어린이 세계 명작 그림책 83]',14500,'어린이용(문학)','어린이용(5-6학년)'),(348,'이명희 글/뿜작가 그림/서울과학교사모임 감수','지학사아르볼','어제는 패션, 오늘은 쓰레기! 패스트 패션 [통합교과 시리즈 참 잘했어요 과학 31]',13500,'어린이용(과학/환경/생태)','어린이용(3-4학년)'),(349,'이광표 글/이혁 그림','진선출판사','(한눈에 펼쳐보는) 문화유산 그림책 - 선사 시대부터 대한제국까지 역사가 쉬워지는',15000,'어린이용(역사/인물/지리)','어린이용(3-4학년)'),(350,'윤주복 지음','진선출판사','나라꽃 무궁화 이야기 - 우리 꽃 무궁화를 배우고 알아 가요! [보고 느끼는 도감]',12000,'어린이용(과학/환경/생태)','어린이용(1-2학년)'),(351,'조에 암스트롱 글/안자 수사니 그림/이정모 옮김','찰리북','(우리가 몰랐던) 어둠 속에서 빛나는 생물들',15000,'어린이용(과학/환경/생태)','어린이용(3-4학년)'),(352,'김지원 글/임미란 그림','찰리북','팥죽 할머니와 귀신 호랑이 [찰리의 작은 책꽂이]',13000,'어린이용(문학)','어린이용(3-4학년)'),(353,'카챠 슈피첸 글·그림/하리타 옮김','찰리북','헤어 - 세상의 모든 머리카락에 관한 별별 이야기',17000,'어린이용(인문/사회/말과글)','어린이용(3-4학년)'),(354,'황선미 지음/하니 그림','창비','강아지 걸음으로 [신나는 책읽기 63]',11000,'어린이용(문학)','어린이용(1-2학년)'),(355,'권정민 글·그림','창비','사라진 저녁 : 권정민 그림책',15000,'어린이용(문학)','어린이용(3-4학년)'),(356,'송찬호 지음/모예진 그림','창비','신발 원정대 : 송찬호 동시집',12000,'어린이용(문학)','어린이용(3-4학년)'),(357,'신유아 글/이길수 그림','창비','오늘부터 나는 말 잘하는 어린이',14000,'어린이용(인문/사회/말과글)','어린이용(5-6학년)'),(358,'최현우 글/이윤희 그림','창비','코코에게',17000,'어린이용(문학)','어린이용(1-2학년)'),(359,'오드레 푸시에 글·그림/박선주 옮김','책과콩나무','모범생이 되는 일곱 가지 방법 [콩닥콩닥 14]',15000,'어린이용(문학)','어린이용(1-2학년)'),(360,'장유위 글/마오위 그림/조은 옮김','책과콩나무','우리 반 곰 친구 [독깨비 77]',13000,'어린이용(문학)','어린이용(3-4학년)'),(361,'R. J. 팔라시오 글/천미나 옮김','책과콩나무','포니 [독깨비 80]',15000,'어린이용(문학)','어린이용(5-6학년)'),(362,'세라 앨비 지음/네이선 해킷 그림/김미선 옮김','책과함께어린이','어쩌다 고고학자들 - 평범한 사람들의 우연한 발견 이야기',19000,'어린이용(역사/인물/지리)','어린이용(5-6학년)'),(363,'다비드 칼리 글/가브리엘 피노 그림/나선희 옮김','책빛','호랑이를 사랑하는 법 [모두를 위한 그림책 62]',15000,'어린이용(문학)','어린이용(3-4학년)'),(364,'김용희 글/최유정 그림','책상자','화학으로 옛 그림을 본다면 - 한 장 한 장 옛 그림 속으로 떠나는 화학 여행 [책상자 속 너른 세상 5]',15000,'어린이용(과학/환경/생태)','어린이용(5-6학년)'),(365,'아리안나 디 제노바 글/다니엘라 티에니 그림/김배경 옮김/김산하 추천','책속물고기','기린에게 다가가세요 - 아프리카에서 연구한 여성 동물학자 앤 이니스 대그의 생각 [인물다큐]',12000,'어린이용(역사/인물/지리)','어린이용(5-6학년)'),(366,'강승임 지음/김혜령 그림','책속물고기','나를 만드는 열두 가지 태도 - 마음이 치우치지 않게 중심을 잡는 힘 [생각을 더하면 15]',13000,'어린이용(인문/사회/말과글)','어린이용(3-4학년)'),(367,'시그문드 브라우어 글/박민희 그림/김배경 옮김','책속물고기','음식 쓰레기와 고양이 구조대 - 에코 소셜 액션 [생각이 커지는 생각]',12000,'어린이용(과학/환경/생태)','어린이용(3-4학년)'),(368,'카트리네 마리에 굴다게르 글/시리 멜키오르 그림/김호정 옮김/조시온 해설','책속물고기','친구에게 친구가 생겼어요 - 멀어지고 가까워지는 아이들 [생각을더하는 그림책]',13000,'어린이용(문학)','어린이용(1-2학년)'),(369,'카트리네 마리에 굴다게르 지음/시리 멜키오르 그림/강수진 옮김/이정화 해설','책속물고기','하고 싶은 말이 있어요 - 싫다고 말할 수 있는 용기 [생각을 더하는 그림책]',14000,'어린이용(인문/사회/말과글)','어린이용(1-2학년)'),(370,'강량원 글/김혜원 그림','책숲(도토리숲)','세상을 바꾼 열 개의 책상 - 꿈과 용기를 키운 위인들의 책상 이야기',14000,'어린이용(역사/인물/지리)','어린이용(5-6학년)'),(371,'아네 비외른 글·그림/김여진 옮김','책연어린이','한쪽 눈을 감으면',15000,'어린이용(문학)','어린이용(1-2학년)'),(372,'아멜리 자보 글/아니크 마송 그림/이정주 옮김','책읽는곰','나를 괴롭히는 아이가 있어요 [작은 곰자리 65]',14000,'어린이용(문학)','어린이용(1-2학년)'),(373,'크리스티안 도리언 글/윤예지 그림/박규리 옮김','책읽는곰','덕분에 건축! - 인간의 건축에 영감을 준 동식물 이야기 [지식곰곰 13]',18000,'어린이용(과학/환경/생태)','어린이용(3-4학년)'),(374,'김유 글/ 최미란 그림','책읽는곰','백점 백곰 [큰곰자리 70]',11000,'어린이용(문학)','어린이용(1-2학년)'),(375,'리샤르트 타데우시에비치, 마리아 마주레크 글/마르친 비에주호프스키 그림/ 김소영 옮','책읽는곰','인공 지능 나라의 앨리스 [지식곰곰 14]',18000,'어린이용(과학/환경/생태)','어린이용(5-6학년)'),(376,'이지수글/이지아 그림','책읽는곰','참새의 신부가 되었습니다 - 새친구 문솔 1 [큰곰자리 71]',13000,'어린이용(문학)','어린이용(3-4학년)'),(377,'정연숙 글/고양이다방 그림','책읽는곰','편의점에서 경제도 파나요? - 백냥이의 냠냠 수첩 [똑똑교양 8]',13000,'어린이용(인문/사회/말과글)','어린이용(3-4학년)'),(378,'김개미 시/경자 그림','천개의바람','드라큘라의 시 [바람동시책 4]',13000,'어린이용(문학)','어린이용(3-4학년)'),(379,'다카쓰 오사무, 엔도 요시토 글/나가사키 구니코 그림/김소연 옮김','천개의바람','들어 봐, 들어 봐! 소리와 귀 이야기',13000,'어린이용(과학/환경/생태)','어린이용(3-4학년)'),(380,'송승주 글/간장 그림','천개의바람','뭐든 뚝딱 금손 반지 [바람어린이책 23]',12000,'어린이용(문학)','어린이용(1-2학년)'),(381,'김유 글/소복이 그림','천개의바람','사자마트 [바람그림책 137]',14000,'어린이용(문학)','어린이용(1-2학년)'),(382,'한화주 글/이수영 그림','천개의바람','여기는 빠른섬 미디어를 배웁니다 [천개의 지식 25]',13000,'어린이용(인문/사회/말과글)','어린이용(3-4학년)'),(383,'양자현 글/손지희 그림','천개의바람','초원의 명탐정 몽구리 - 요리 대회의 비밀을 밝혀라 [바람어린이책 10]',13000,'어린이용(문학)','어린이용(3-4학년)'),(384,'김기정 글/이해정 그림','천개의바람','홍길동, 조선을 박차고 새 나라를 만들다 [생생고전 2 : 홍길동전]',13000,'어린이용(문학)','어린이용(5-6학년)'),(385,'권세원 외 글/이연정 그림/시민건강연구소 기획','철수와영희','선생님, 건강하게 살려면 어떻게 해야 해요? - 건강을 통해 바라본 세상 [어린이 책도둑 시리즈 31]',13000,'어린이용(과학/환경/생태)','어린이용(5-6학년)'),(386,'이수정 글/홍윤표 그림','철수와영희','선생님, 노동법이 뭐예요? - 서로 존중하며 일하는 세상을 위해 알아야 할 이야기 [어린이 책도둑 시리즈 25]',13000,'어린이용(인문/사회/말과글)','어린이용(5-6학년)'),(387,'이승윤 글/소경섭 그림','철수와영희','선생님, 노동을 즐겁게 하려면 어떻게 해야 해요? [어린이 책도둑 시리즈 29]',13000,'어린이용(인문/사회/말과글)','어린이용(5-6학년)'),(388,'최원형 글/홍윤표 그림','철수와영희','선생님, 쓰레기는 왜 생기나요? - 나부터 실천하는 ‘제로웨이스트’ [어린이 책도둑 시리즈 26]',13000,'어린이용(과학/환경/생태)','어린이용(5-6학년)'),(389,'김삼웅 글/방승조 그림','철수와영희','선생님, 친일파가 뭐예요? [어린이 책도둑 시리즈 28]',13000,'어린이용(역사/인물/지리)','어린이용(5-6학년)'),(390,'김옥애 지음/강화경 그림','청개구리','경무대로 간 해수 [청개구리 문고 44]',12500,'어린이용(문학)','어린이용(5-6학년)'),(391,'수상한 선샘 글/최이레 그림','청개구리','봉다리 교실 한글 맞춤법 - 이야기만 읽어도 맞춤법이 척척',15000,'어린이용(인문/사회/말과글)','어린이용(3-4학년)'),(392,'야마시타 겐지 글/나카다 이쿠미 그림/김보나 옮김','청어람미디어','야마시타는 말하지 않아',15000,'어린이용(문학)','어린이용(1-2학년)'),(393,'고수산나 글/안혜란 그림','청어람주니어','조선 최초의 여의사 박에스더 [여성 인물 도서관 5]',12500,'어린이용(역사/인물/지리)','어린이용(3-4학년)'),(394,'김승연 글/핸짱 그림','초록개구리','모두 어디 갔을까? [가로세로그림책 16]',15000,'어린이용(문학)','어린이용(1-2학년)'),(395,'재닛 윌슨 글/이지후 그림/송미영 옮김','초록개구리','지구 좀 그만 못살게 굴어요! - 세상 모든 어른을 침묵시킨 6분의 연설 [내가 바꾸는 세상 10]',14000,'어린이용(과학/환경/생태)','어린이용(5-6학년)'),(396,'미셸 멀더 글/윤정미 그림/김루시아 옮김','초록개구리','초콜릿이 너무 비싸요! - 초콜릿 불매 운동을 벌인 캐나다 어린이들 [내가 바꾸는 세상 9]',13000,'어린이용(문학)','어린이용(5-6학년)'),(397,'임정은 글/김현영 그림/동물자유연대 감수','초록개구리','퀴즈, 반려동물! - 할머니가 묻고 반려동물이 답한다 [나는 새싹 시민 17]',13500,'어린이용(과학/환경/생태)','어린이용(3-4학년)'),(398,'정원 글/박지윤 그림','초록개구리','햄버거 공부책 - 만들면서 배우는 햄버거의 모든 것 [놀라운 한 그릇 4]',13000,'어린이용(인문/사회/말과글)','어린이용(3-4학년)'),(399,'데이비드 월리엄스 글/토니 로스 그림/박정화 옮김','크레용하우스','고릴라 구출 대작전 암호명 바나나 [데이비드 윌리엄스 시리즈]',17000,'어린이용(문학)','어린이용(5-6학년)'),(400,'솔레다드 로메로 마리뇨 글/몬세 갈바니 그림/윤영 옮김','크레용하우스','기막힌 실수! - 세상을 바꾼 놀라운 발명',15000,'어린이용(과학/환경/생태)','어린이용(1-2학년)'),(401,'은상 글/손수정 그림','크레용하우스','외로챗봇을 설치하겠습니까? [한무릎읽기]',13000,'어린이용(문학)','어린이용(5-6학년)'),(402,'최은영 글/이해정 그림/박래군 원작','클','우리에겐 기억할 것이 있다 - 초등 고학년을 위한 한국 현대사 답사 여행',16000,'어린이용(역사/인물/지리)','어린이용(5-6학년)'),(403,'한영미 글/이주미 그림','키다리','비밀을 들어 주는 대나무 숲 [행복한 책꽂이 26]',12000,'어린이용(문학)','어린이용(3-4학년)'),(404,'미혜 글·그림','키다리','쉿! 언니는 도깨비',13000,'어린이용(문학)','어린이용(1-2학년)'),(405,'정연숙 글/김고둥 그림','키다리','여기는 서울역입니다 - 100년의 시간을 품은 옛 서울역 [똑똑한 책꽂이 34]',16800,'어린이용(역사/인물/지리)','어린이용(1-2학년)'),(406,'전여울 글/sujan 그림','키다리','우리가 다른 우주에서 만나면',13000,'어린이용(문학)','어린이용(5-6학년)'),(407,'이도이아 이리베르테기 글·그림/성초림 옮김/손경이 감수','키다리','우리는 지금 모험 중 - 생리와 성에 관한 진짜 솔직한 이야기',13000,'어린이용(과학/환경/생태)','어린이용(5-6학년)'),(408,'선자은, 이재문, 전여울, 황지영 글/구정인 만화/에이욥프로젝트 그림/김아미 해설','키다리','장난이 아니야 - 디지털 폭력에 맞서는 다섯 편의 이야기',13000,'어린이용(인문/사회/말과글)','어린이용(5-6학년)'),(409,'강수진 글/모예진 그림','킨더랜드','계획하는 어린이 [참 잘했어요]',13000,'어린이용(인문/사회/말과글)','어린이용(1-2학년)'),(410,'신현경 글/김소희 그림','킨더랜드','마트에 간 햄스터 [킨더랜드 지식놀이터]',15000,'어린이용(인문/사회/말과글)','어린이용(1-2학년)'),(411,'최형미 글/황K 그림','킨더랜드','우리 학교 걱정왕 [킨더랜드 이야기극장]',12000,'어린이용(문학)','어린이용(1-2학년)'),(412,'바바라 테일러 글/마고 카르펜티에 그림/김민식 옮김','타임주니어','(깜짝 놀랄) 동물의 몸속 대탐험',18000,'어린이용(과학/환경/생태)','어린이용(3-4학년)'),(413,'정재은 글/이수현 그림','토끼섬','간에 울고, 똥에 웃고 - 토끼전 [연극으로 배우는 우리 고전]',12000,'어린이용(문학)','어린이용(3-4학년)'),(414,'에브 마리 로브리오 글/오렐리 그랑 그림/박재연 옮김','토끼섬','콧수염 공주 [귀쫑긋 그림책]',13800,'어린이용(문학)','어린이용(1-2학년)'),(415,'이승민 글/신성희 그림','토토북','3학년 27반 비밀 교실 [토토는 동화가 좋아 8]',13000,'어린이용(문학)','어린이용(3-4학년)'),(416,'임후남 시/황K 그림','토토북','시간 택배 : 임후남 동시집',13000,'어린이용(문학)','어린이용(1-2학년)'),(417,'크리스티나 슈타인라인 글/안네 베커 그림/신동경 옮김/(사)환경교육센터 추천','토토북','에너지 때문에 전쟁을 한다고? [토토 생각날개 46]',13000,'어린이용(과학/환경/생태)','어린이용(3-4학년)'),(418,'서정오 글/김고은 그림','토토북','이랴? 또 이랴? - 서정오 선생님의 배꼽 잡는 우리말 유래담',13000,'어린이용(인문/사회/말과글)','어린이용(3-4학년)'),(419,'신현정 글/권송이 그림/박영숙(유엔미래포럼 대표) 추천','토토북','인공 지능, 어디까지 알고 있니? - 세상을 확 바꾸는 과학 기술의 세계 [토토 생각날개 47]',13000,'어린이용(과학/환경/생태)','어린이용(5-6학년)'),(420,'타나카 타츠야 지음/권남희 옮김','토토북','작고 작고 큰 - 상상력 놀이터 · 미니어처 세상 [토토의 그림책]',14000,'어린이용(예술/체육)','어린이용(1-2학년)'),(421,'조미형 글/김수연 그림','특서주니어','바다가 걱정돼 - 바다를 위협하는 7가지 [특서 어린이교양 1]',15000,'어린이용(과학/환경/생태)','어린이용(3-4학년)'),(422,'이도흠 글/윤다은 그림','특서주니어','엄마는 어디에 [특서 어린이문학 2]',14000,'어린이용(문학)','어린이용(5-6학년)'),(423,'박현숙 글/길개 그림','특서주니어','천개산 패밀리 1 [특서 어린이문학 3]',14000,'어린이용(문학)','어린이용(3-4학년)'),(424,'박현숙 글/길개 그림','특서주니어','천개산 패밀리 2 [특서 어린이문학 4]',14000,'어린이용(문학)','어린이용(3-4학년)'),(425,'전현정 글/홍하나 그림','파란자전거','(벽을 넘어 세계의 중심에 선) 알파걸 파워 - 관심과 도전으로 지켜 낸 아름다운 가치 [슬기로운 사회생활 4]',13900,'어린이용(역사/인물/지리)','어린이용(5-6학년)'),(426,'배병호, 정종영 글/김용길 그림','파란자전거','유네스코 동물권리선언 탐구생활 - 착한 사회를 위한 공존과 생명권 이야기 [착한 사회를 위한 탐구생활 시리즈]',13900,'어린이용(인문/사회/말과글)','어린이용(5-6학년)'),(427,'김지훈 글/홍지혜 그림','파란자전거','초등 디지털 미디어 리터러시 - 똑똑한 디지털 시민, 미디어 세상에서 길 찾기 [슬기로운 사회생활 5]',13900,'어린이용(인문/사회/말과글)','어린이용(5-6학년)'),(428,'요한나 프린츠 글/마크 패텐든 그림/유영미 옮김','파랑서재','산책길은 놀라워 - 마음을 열고 귀 기울여 봐',18000,'어린이용(과학/환경/생태)','어린이용(1-2학년)'),(429,'최형미 글/루보 그림','파랑서재','우리는 아름다워! [파랑 쪽빛 문고 1]',13000,'어린이용(문학)','어린이용(3-4학년)'),(430,'김지현 글/박선하 그림','팜파스','디지털 미래의 어두운 그림자, 전자 쓰레기 이야기 [공부가 되고 상식이 되는! 시리즈 22]',13000,'어린이용(과학/환경/생태)','어린이용(3-4학년)'),(431,'이지 지음','페이퍼독','진짜 진짜 멋진 친구 [페이퍼독 우리 그림책]',16000,'어린이용(문학)','어린이용(1-2학년)'),(432,'김대철 글/안예리 그림','푸른길','(수상한 동해원정대) 우리는 독도 어벤져스!',12000,'어린이용(역사/인물/지리)','어린이용(5-6학년)'),(433,'다니구치 도모노리 글·그림/양병헌 옮김','푸른숲주니어','고릴라 아빠의 숲속 구둣방 [푸른숲 새싹 도서관 39]',14000,'어린이용(문학)','어린이용(1-2학년)'),(434,'클라이브 기퍼드 글/웨슬리 로빈스 그림/김선영 옮김','푸른숲주니어','밥을 먹지 않으면 뇌가 피곤해진다고? [푸른숲 생각 나무 25]',13800,'어린이용(과학/환경/생태)','어린이용(5-6학년)'),(435,'나탈리 라가세 글·그림/김자연 옮김','푸른숲주니어','분홍색의 무게 [푸른숲 어린이 문학 43]',11000,'어린이용(문학)','어린이용(5-6학년)'),(436,'신은경 글/국민지 그림/전국초등사회교과 모임 감수','푸른숲주니어','임시 정부의 꼬마 신부 [똑똑! 역사 동화]',13000,'어린이용(역사/인물/지리)','어린이용(3-4학년)'),(437,'샬럿 매닝 글·그림/양병헌 옮김','푸른숲주니어','초원을 잃어버린 말 [푸른숲 새싹 도서관 37]',13000,'어린이용(문학)','어린이용(1-2학년)'),(438,'윤자명 글/김규택 그림','풀빛','11월 13일의 불꽃 : 청년 전태일의 꿈 [근현대사 100년 동화]',13000,'어린이용(역사/인물/지리)','어린이용(5-6학년)'),(439,'임윤 글·그림','풀빛','달터뷰 [풀빛 그림 아이]',15000,'어린이용(문학)','어린이용(1-2학년)'),(440,'이승민 글/박정섭 그림','풀빛','도대체 해외여행이 뭐라고 [숭민이의 일기 9]',13000,'어린이용(문학)','어린이용(3-4학년)'),(441,'잔나 스워니오프스카 글/올렉산드르 샤토힌 그림/김영화 옮김','풀빛','오바, 우크라이나 [책으로 여행하는 아이 8]',15000,'어린이용(역사/인물/지리)','어린이용(5-6학년)'),(442,'정은주 글/김현영 그림','풀빛','주말에는 우리 강을 여행할래! - 우리 강으로 만나는 우리 역사 우리 지리',15000,'어린이용(역사/인물/지리)','어린이용(3-4학년)'),(443,'김주영 글/정인 그림','풀빛미디어','문시티 - 그곳에 가면 우리의 고민도 가벼워질까 [SF타운 1]',14000,'어린이용(문학)','어린이용(5-6학년)'),(444,'박동석 글/신동민 그림','하마','어린이를 위한 세상의 모든 지식 [세계 시민 프로젝트 1]',15000,'어린이용(인문/사회/말과글)','어린이용(5-6학년)'),(445,'윤자영 글/이갑규 그림','한경키즈','과학 추리반 아이들 - 어린이를 위한 과학 사고력 동화',15000,'어린이용(과학/환경/생태)','어린이용(5-6학년)'),(446,'류윤환 글/김현영 그림','한경키즈','당당하고 다정하게 말 잘하는 아이들 - 어린이를 위한 똑똑한 말하기 동화 [한경 아이들 시리즈]',15000,'어린이용(인문/사회/말과글)','어린이용(5-6학년)'),(447,'신봉석 글/최호정 그림/서울대학교 뿌리깊은 역사나무 감수','한경키즈','역사로 노는 아이들 - 어린이를 위한 말랑말랑 한국사 교육 동화',15000,'어린이용(역사/인물/지리)','어린이용(5-6학년)'),(448,'안승희 지음','한권의책','반짝반짝 우리 문화유산 그림책 -신석기 시대 암각화부터 조선 후기 민화까지 462가지 유물을 그림으로 만나다',18000,'어린이용(역사/인물/지리)','어린이용(3-4학년)'),(449,'이성희 지음/ 인선 그림','한권의책','숫자로 알아보는 환경 과학 이야기 - 탄소 중립 0부터 지구를 위한 실천 20까지',16000,'어린이용(과학/환경/생태)','어린이용(3-4학년)'),(450,'임화선 글/김삼현 그림','한림출판사','두부, 꽃이 되다 [한림아동문학선]',13000,'어린이용(문학)','어린이용(5-6학년)'),(451,'이혜정 글/피노 카오 그림','한림출판사','새들의 학교 [한림아동문학선]',12000,'어린이용(문학)','어린이용(3-4학년)'),(452,'와파 타르노스카 글/발리 민치 그림/장미란 옮김','한빛에듀','누르의 비밀 도서관',16000,'어린이용(문학)','어린이용(1-2학년)'),(453,'빅터 D.O. 산토스 글/안나 포를라티 그림/김서정 옮김','한빛에듀','우리를 인간답게 만드는 것은',15000,'어린이용(인문/사회/말과글)','어린이용(1-2학년)'),(454,'마에다 미온 지음/ 하타 고시로 그림/ 고향옥 옮김','한솔수북','2제곱미터 세계에서 [한솔 마음씨앗 그림책 116]',15000,'어린이용(문학)','어린이용(3-4학년)'),(455,'조현아 외 지음/ 이효실 그림','한솔수북','남자아이를 위한 성교육 배움 노트 [보건 쌤의 성교육 수업]',15000,'어린이용(과학/환경/생태)','어린이용(3-4학년)'),(456,'조성배.최향숙 지음/ 젠틀멜로우 그림','한솔수북','넥스트 레벨 1 : 인공지능 - 야무진 10대를 위한 미래 가이드',14500,'어린이용(과학/환경/생태)','어린이용(5-6학년)'),(457,'이윤진 글/임광희 그림','한솔수북','도대체 뭐라고 말하지? : 헷갈리지 않게 쏙쏙! 세고 재는 말 [우리말 표현력 사전 6]',15000,'어린이용(인문/사회/말과글)','어린이용(1-2학년)'),(458,'수지 호지 글/엘리스 게이넷 그림/정정혜 옮김','한솔수북','미술이 좋다면 이런 직업! [이런 직업 어때? 5]',13500,'어린이용(예술/체육)','어린이용(1-2학년)'),(459,'조현아 외 지음/ 이효실 그림','한솔수북','여자아이를 위한 성교육 배움 노트 [보건 쌤의 성교육 수업]',15000,'어린이용(과학/환경/생태)','어린이용(3-4학년)'),(460,'조경숙 지음/ 김도아 그림','한솔수북','조선의 노예 소녀 단이 [초등 읽기대장]',14000,'어린이용(문학)','어린이용(5-6학년)'),(461,'마르쿠스 말테 지음/ 김영신 옮김','한울림스페셜','암병동에 불시착한 내 동생 [장애공감 어린이]',14000,'어린이용(문학)','어린이용(5-6학년)'),(462,'김황 지음/ 전진경 그림','한울림어린이','고작 2도에… - 지구 기온 상승이 불러올 환경 재앙 [한울림 생태환경 그림책]',16000,'어린이용(과학/환경/생태)','어린이용(3-4학년)'),(463,'앙투안 기요페 지음/ 라미파 옮김','한울림어린이','국경 너머 : 친구일까 적일까 [한울림 그림책 컬렉션]',16000,'어린이용(문학)','어린이용(3-4학년)'),(464,'정란희 글/양상용 그림','한울림어린이','사할린 아리랑 [한울림 작은별 그림책]',16000,'어린이용(역사/인물/지리)','어린이용(5-6학년)'),(465,'이든 기획·글','해와나무','우리 교실은 명화 미술관 - 명화로 배우는 통합 교과 지식',13000,'어린이용(예술/체육)','어린이용(3-4학년)'),(466,'오세나 지음','향출판사','테트릭스 [그림책향 31]',25000,'어린이용(과학/환경/생태)','어린이용(1-2학년)'),(467,'조지영 글/조선아 그림','현북스','100년 묵은 달봉초등학교 [햇살어린이 92]',15000,'어린이용(문학)','어린이용(5-6학년)'),(468,'차성환 글','현북스','1979 부마민주항쟁 [천천히 읽는 책 59]',14000,'어린이용(역사/인물/지리)','어린이용(3-4학년)'),(469,'오진원 글','현북스','1987 6월민주항쟁 [천천히 읽는 책 64]',15000,'어린이용(역사/인물/지리)','어린이용(3-4학년)'),(470,'백은하 글/송효정 그림','현암주니어','봉스타 프로젝트',15000,'어린이용(문학)','어린이용(3-4학년)'),(471,'존 프란시스 글/조시 블록스 그림/최순희 옮김','현암주니어','우리는 친절해야 해요 - 세상의 모든 친절에 대하여',20000,'어린이용(인문/사회/말과글)','어린이용(3-4학년)'),(472,'이페 둘리 글·그림/전하림 옮김','효리원','남과 달라도 괜찮아 - 언제나 당당한 나를 위하여! [이상한 아이 프랭키]',13800,'어린이용(문학)','어린이용(3-4학년)'),(473,'고코더(이진현) 지음/ 조승연 그림','휴먼어린이','내가 하고 싶은 일, IT 개발자 [내가 하고 싶은 일 7]',14000,'어린이용(과학/환경/생태)','어린이용(5-6학년)'),(474,'오승현 지음/ 이로우 그림','휴먼어린이','어느 날 이런 미래가 온다면 - SF 동화로 만나는 6가지 미래 과학 기술 [맨 처음 지식학교 7]',14000,'어린이용(과학/환경/생태)','어린이용(5-6학년)'),(475,'이진미 글/유시연 그림','휴먼어린이','차별에 맞서 꿈을 이룬 빛나는 여성들 [인물로 읽는 한국사]',14000,'어린이용(역사/인물/지리)','어린이용(3-4학년)'),(476,'손주현 글/ 나인완 그림','휴먼어린이','한 컷 초등 사회 사전 - 미리 배우는 교과서 어휘',16000,'어린이용(인문/사회/말과글)','어린이용(3-4학년)');
/*!40000 ALTER TABLE `product` ENABLE KEYS */;
UNLOCK TABLES;

--
-- Table structure for table `users`
--

DROP TABLE IF EXISTS `users`;
/*!40101 SET @saved_cs_client     = @@character_set_client */;
/*!50503 SET character_set_client = utf8mb4 */;
CREATE TABLE `users` (
  `email` varchar(255) NOT NULL,
  `name` varchar(255) DEFAULT NULL,
  `password` varchar(255) DEFAULT NULL,
  PRIMARY KEY (`email`)
) ENGINE=InnoDB DEFAULT CHARSET=utf8mb4 COLLATE=utf8mb4_0900_ai_ci;
/*!40101 SET character_set_client = @saved_cs_client */;

--
-- Dumping data for table `users`
--

LOCK TABLES `users` WRITE;
/*!40000 ALTER TABLE `users` DISABLE KEYS */;
INSERT INTO `users` VALUES ('','',''),('dlawngus7818@gmail.com','joohyun','dddd'),('jh7818@naver.com','joohyun','jh7818'),('limjh7818@m365.dongyang.ac.kr','jh','1111');
/*!40000 ALTER TABLE `users` ENABLE KEYS */;
UNLOCK TABLES;
/*!40103 SET TIME_ZONE=@OLD_TIME_ZONE */;

/*!40101 SET SQL_MODE=@OLD_SQL_MODE */;
/*!40014 SET FOREIGN_KEY_CHECKS=@OLD_FOREIGN_KEY_CHECKS */;
/*!40014 SET UNIQUE_CHECKS=@OLD_UNIQUE_CHECKS */;
/*!40101 SET CHARACTER_SET_CLIENT=@OLD_CHARACTER_SET_CLIENT */;
/*!40101 SET CHARACTER_SET_RESULTS=@OLD_CHARACTER_SET_RESULTS */;
/*!40101 SET COLLATION_CONNECTION=@OLD_COLLATION_CONNECTION */;
/*!40111 SET SQL_NOTES=@OLD_SQL_NOTES */;

-- Dump completed on 2025-05-26 20:33:44
